"key","source","pt-BR","en-US","classification","references"
"labels.ui_325dfc37c9ba","Início","Início","Home","localized","src/features/navigation/landingSections.ts:24"
"labels.ui_6899731dbc3f","Portfólio","Portfólio","Portfolio","localized","src/pages/Mateus/Portfolio/portfolio.data.ts:34 | src/pages/Mateus/Portfolio/Portfolio.tsx:434 | src/features/navigation/landingSections.ts:32"
"labels.ui_4944b0b2b626","Serviços","Serviços","Services","localized","src/pages/Mateus/Portfolio/portfolio.data.ts:143 | src/pages/Mateus/Portfolio/portfolio.data.ts:227 | src/pages/Mateus/Services/Services.tsx:485 | src/App/NavBar/AppNavbar.tsx:254 | src/features/navigation/landingSections.ts:40"
"labels.ui_73522c685797","Rede IA","Rede IA","AI Network","localized","src/features/navigation/landingSections.ts:48"
"labels.ui_f4f7456d8037","Ao Vivo","Ao Vivo","Live","localized","src/features/navigation/landingSections.ts:56"
"labels.ui_28594e2a878c","Contato","Contato","Contact","localized","src/features/navigation/landingSections.ts:64"
"labels.ui_2b5c3d26721a","Contact","Contato","Contact","localized","src/pages/Mateus/Contact/ContactDesktop.tsx:92"
"labels.ui_cc35accbbbab","Coloque aqui seus dados de contato, formulário, redes sociais, etc.","Coloque aqui seus dados de contato, formulário, redes sociais, etc.","Add your contact details, a form, and social links here.","localized","src/pages/Mateus/Contact/ContactDesktop.tsx:94"
"labels.ui_09734e062d83","Engenheiro de Software","Engenheiro de Software","Software Engineer","localized","src/pages/Mateus/Home/components/mobile/HeroMarqueeMobile.tsx:31 | src/pages/Mateus/Home/variants/HomeDesktop.tsx:501 | src/pages/Mateus/Home/variants/HomeMobile.tsx:55 | src/pages/Mateus/RoleTitle.tsx:5"
"labels.ui_e5a6bcd5e6c9","Desenvolvedor","Desenvolvedor","Developer","localized","src/pages/Mateus/Home/components/desktop/HeroTextColumn.tsx:195"
"labels.ui_d9cb1f4b82b3","Fundador","Fundador","Founder","localized","src/pages/Mateus/Home/variants/HomeDesktop.tsx:502 | src/pages/Mateus/Home/variants/HomeMobile.tsx:56"
"labels.ui_68c3cfaf68fa","Dev Full Stack","Dev Full Stack","Full-Stack Developer","localized","src/pages/Mateus/Home/components/mobile/HeroMarqueeMobile.tsx:32 | src/pages/Mateus/RoleTitle.tsx:6"
"labels.ui_a9cc756f6c0e","Back-End e APIs","Back-End e APIs","Backend & APIs","localized","src/pages/Mateus/Home/components/mobile/HeroMarqueeMobile.tsx:33 | src/pages/Mateus/RoleTitle.tsx:7"
"labels.ui_40ca5e357735","Cloud e DevOps","Cloud e DevOps","Cloud & DevOps","localized","src/pages/Mateus/Home/components/mobile/HeroMarqueeMobile.tsx:34 | src/pages/Mateus/RoleTitle.tsx:8"
"labels.ui_9d8b14b0f9c5","Dev Mobile","Dev Mobile","Mobile Developer","localized","src/pages/Mateus/Home/components/mobile/HeroMarqueeMobile.tsx:35 | src/pages/Mateus/RoleTitle.tsx:9"
"labels.ui_26646a40e585","TECNOLOGIA","TECNOLOGIA","TECHNOLOGY","localized","src/pages/Mateus/Home/variants/HomeMobile.tsx:43"
"labels.ui_86b0d73ffc0f","PESSOAS","PESSOAS","PEOPLE","localized","src/pages/Mateus/Home/variants/HomeMobile.tsx:44"
"labels.ui_c691e7f8a3e7","IMPACTO","IMPACTO","IMPACT","localized","src/pages/Mateus/Home/variants/HomeMobile.tsx:45"
"labels.ui_0820f46b55ce","Histórias também são feitas de código","Histórias também são feitas de código","Stories are built with code, too","localized","src/pages/Mateus/Home/variants/HomeDesktop.tsx:488"
"labels.ui_961d1d02ccef","Histórias","Histórias","Stories","localized","src/pages/Mateus/Home/variants/HomeDesktop.tsx:490"
"labels.ui_09651c5ec893","Também são","Também são","Are built","localized","src/pages/Mateus/Home/variants/HomeDesktop.tsx:491"
"labels.ui_d7b2089e0300","Feitas de código.","Feitas de código.","With code, too.","localized","src/pages/Mateus/Home/variants/HomeDesktop.tsx:492"
"labels.ui_4bc8d13deb66","Mateus Cabral, Engenheiro de Software, Fundador","Mateus Cabral, Engenheiro de Software, Fundador","Mateus Cabral, Software Engineer, Founder","localized","src/pages/Mateus/Home/variants/HomeDesktop.tsx:497"
"labels.ui_ab9e6244b104","Transformando","Transformando","Turning","localized","src/pages/Mateus/Home/variants/HomeMobile.tsx:19"
"labels.ui_f15c023b8caf","ideias em","ideias em","ideas into","localized","src/pages/Mateus/Home/variants/HomeMobile.tsx:20"
"labels.ui_e893207a0004","produtos reais,","produtos reais,","real products,","localized","src/pages/Mateus/Home/variants/HomeMobile.tsx:21"
"labels.ui_2d5550b1ca28","do código ao","do código ao","from code to","localized","src/pages/Mateus/Home/variants/HomeMobile.tsx:22"
"labels.ui_bab97ef8b28c","impacto.","impacto.","impact.","localized","src/pages/Mateus/Home/variants/HomeMobile.tsx:23"
"labels.ui_79a6bddac3d0","Clientes e parceiros","Clientes e parceiros","Clients and partners","localized","src/pages/Mateus/Home/variants/HomeMobile.tsx:74"
"labels.ui_f5d2cee52c04","CLIENTES","CLIENTES","CLIENTS","localized","src/pages/Mateus/Home/variants/HomeMobile.tsx:81"
"labels.ui_a83ae4d35ab7","E PARCEIROS","E PARCEIROS","AND PARTNERS","localized","src/pages/Mateus/Home/variants/HomeMobile.tsx:82"
"labels.ui_de6e191e42b0","Ações de contato","Ações de contato","Contact options","localized","src/pages/Mateus/Home/variants/HomeMobile.tsx:107"
"labels.ui_eb40a4364013","Currículo","Currículo","Résumé","localized","src/pages/Mateus/Home/variants/HomeMobile.tsx:115"
"labels.ui_671a75ddb500","Contato direto","Contato direto","Direct contact","localized","src/pages/Mateus/shared/WhatsAppSignalButton/components/WhatsAppSignalDrawers.tsx:31 | src/pages/Mateus/shared/WhatsAppSignalButton/WhatsAppSignalButton.tsx:121"
"labels.ui_5cf2eabe2f7e","Resposta rápida","Resposta rápida","Quick replies","localized","src/pages/Mateus/shared/WhatsAppSignalButton/components/WhatsAppSignalDrawers.tsx:32 | src/pages/Mateus/shared/WhatsAppSignalButton/WhatsAppSignalButton.tsx:122"
"labels.ui_44c6a770922a","QR Code para abrir conversa com Mateus no WhatsApp","QR Code para abrir conversa com Mateus no WhatsApp","QR code to chat with Mateus on WhatsApp","localized","src/pages/Mateus/Home/data/home.data.ts:63"
"labels.ui_b555aeae48c9","Escaneie e fale comigo no WhatsApp","Escaneie e fale comigo no WhatsApp","Scan to chat with me on WhatsApp","localized","src/pages/Mateus/Home/data/home.data.ts:65"
"labels.ui_e34c3cde9227","Aponte a câmera para o QR Code ou abra a conversa diretamente pelo botão abaixo.","Aponte a câmera para o QR Code ou abra a conversa diretamente pelo botão abaixo.","Scan the QR code with your camera, or use the button below to start a chat.","localized","src/pages/Mateus/Home/data/home.data.ts:67"
"labels.ui_a8bba40ab0e0","Abrir conversa","Abrir conversa","Start a chat","localized","src/pages/Mateus/Home/data/home.data.ts:68"
"labels.ui_23e47de7a031","Retrato de Mateus Cardoso Cabral","Retrato de Mateus Cardoso Cabral","Portrait of Mateus Cardoso Cabral","localized","src/pages/Mateus/Home/components/mobile/HeroMobileStack.tsx:24 | src/pages/Mateus/Home/components/mobile/HeroProfileColumnMobile.tsx:20 | src/pages/Mateus/Home/data/home.data.ts:72"
"labels.ui_5ae46873c10f","Abrir LinkedIn","Abrir LinkedIn","Open LinkedIn","localized","src/pages/Mateus/Home/data/home.data.ts:86"
"labels.ui_69acc92448df","Enviar email","Enviar email","Send an email","localized","src/pages/Mateus/Home/data/home.data.ts:102"
"labels.ui_d0eafb3a2791","Abrir Instagram","Abrir Instagram","Open Instagram","localized","src/pages/Mateus/Home/data/home.data.ts:118"
"labels.ui_b8c554506699","Vamos Nessa?","Vamos Nessa?","Let's talk","localized","src/pages/Mateus/Home/components/desktop/HeroTextColumn.tsx:150"
"labels.ui_266cdde0a13b","Abrir conversa no WhatsApp","Abrir conversa no WhatsApp","Start a WhatsApp chat","localized","src/pages/Mateus/Home/components/desktop/HeroTextColumn.tsx:151"
"labels.ui_0d959c8e0469","LET'S TALK","VAMOS CONVERSAR","LET'S TALK","localized","src/pages/Mateus/Home/components/desktop/HeroTextColumn.tsx:162"
"labels.ui_c80f1f2f026b","Open meeting link","Abrir link da reunião","Open meeting link","localized","src/pages/Mateus/Home/components/desktop/HeroTextColumn.tsx:163"
"labels.ui_e358708abb75","Bom dia!","Bom dia!","Good morning!","localized","src/pages/Mateus/Home/utils/home.utils.ts:13"
"labels.ui_3b0e88160c66","Boa tarde!","Boa tarde!","Good afternoon!","localized","src/pages/Mateus/Home/utils/home.utils.ts:17"
"labels.ui_b14b7fd6297f","Boa noite!","Boa noite!","Good evening!","localized","src/pages/Mateus/Home/utils/home.utils.ts:20"
"labels.ui_7946871d918f","CARREGANDO...","CARREGANDO...","LOADING...","localized","src/pages/Mateus/shared/CTAButton/CTAButton.tsx:189"
"labels.ui_0536f43ac938","CARREGANDO CÉREBRO 3D...","CARREGANDO CÉREBRO 3D...","LOADING 3D BRAIN...","localized","src/pages/Mateus/CognitiveNetwork/CognitiveBrainScene.tsx:458"
"labels.ui_d5d923d131de","Projeto em destaque","Projeto em destaque","Featured project","localized","src/pages/Mateus/Portfolio/portfolio.data.ts:54 | src/pages/Mateus/Portfolio/portfolio.data.ts:82 | src/pages/Mateus/Portfolio/portfolio.data.ts:110 | src/pages/Mateus/Portfolio/portfolio.data.ts:138 | src/pages/Mateus/Portfolio/portfolio.data.ts:166 | src/pages/Mateus/Portfolio/portfolio.data.ts:194 | src/pages/Mateus/Portfolio/portfolio.data.ts:222"
"labels.ui_8db46b4873a7","Ecossistema comercial","Ecossistema comercial","Business management platform","localized","src/pages/Mateus/Portfolio/portfolio.data.ts:55"
"labels.ui_5c607cd1f8c7","Experiência bancária mobile","Experiência bancária mobile","Mobile banking experience","localized","src/pages/Mateus/Portfolio/portfolio.data.ts:83"
"labels.ui_6d56e333fadf","Comércio digital internacional","Comércio digital internacional","Cross-border e-commerce","localized","src/pages/Mateus/Portfolio/portfolio.data.ts:111"
"labels.ui_dc7ababc44cc","Catálogo","Catálogo","Catalog","localized","src/pages/Mateus/Portfolio/portfolio.data.ts:115"
"labels.ui_274361b2e7dc","Agenda e recorrência","Agenda e recorrência","Scheduling and repeat bookings","localized","src/pages/Mateus/Portfolio/portfolio.data.ts:139"
"labels.ui_e41b26be5fea","Comunidade editorial","Comunidade editorial","Reading community","localized","src/pages/Mateus/Portfolio/portfolio.data.ts:167"
"labels.ui_b088cd0a659f","Presença institucional","Presença institucional","Professional website","localized","src/pages/Mateus/Portfolio/portfolio.data.ts:195"
"labels.ui_9289ebea6d1e","Marca e captação local","Marca e captação local","Branding and local customer acquisition","localized","src/pages/Mateus/Portfolio/portfolio.data.ts:223"
"labels.ui_92f5342b1465","Conversão","Conversão","Conversion","localized","src/pages/Mateus/Portfolio/portfolio.data.ts:227"
"labels.ui_8396f8dc3a73","SELECIONAR","SELECIONAR","SELECT","localized","src/pages/Mateus/Portfolio/portfolio.data.ts:56 | src/pages/Mateus/Portfolio/portfolio.data.ts:112 | src/pages/Mateus/Portfolio/portfolio.data.ts:140 | src/pages/Mateus/Portfolio/portfolio.data.ts:168 | src/pages/Mateus/Portfolio/portfolio.data.ts:196 | src/pages/Mateus/Portfolio/portfolio.data.ts:224"
"labels.ui_2fe4bf43c2bc","ATUAL","ATUAL","CURRENT","localized","src/pages/Mateus/Portfolio/portfolio.data.ts:84"
"labels.ui_6641c5a7ff9f","Brasil","Brasil","Brazil","localized","src/pages/Mateus/Portfolio/portfolio.data.ts:66 | src/pages/Mateus/Portfolio/portfolio.data.ts:206 | src/pages/Mateus/Portfolio/portfolio.data.ts:234 | src/pages/Mateus/Portfolio/Portfolio.tsx:600 | src/pages/Mateus/Portfolio/Portfolio.tsx:802"
"labels.ui_64513e16c2b6","BRASIL","BRASIL","BRAZIL","localized",""
"labels.ui_6f7fbf531956","México","México","Mexico","localized","src/pages/Mateus/Portfolio/portfolio.data.ts:94"
"labels.ui_1ba07fa8a85a","MÉXICO","MÉXICO","MEXICO","localized",""
"labels.ui_995480e263f6","Jalisco · Pacífico","Jalisco · Pacífico","Jalisco · Pacific Coast","localized","src/pages/Mateus/Portfolio/portfolio.data.ts:96"
"labels.ui_f1f1d7cd8446","Guiné-Bissau","Guiné-Bissau","Guinea-Bissau","localized","src/pages/Mateus/Portfolio/portfolio.data.ts:122 | src/pages/Mateus/Portfolio/Portfolio.tsx:36"
"labels.ui_a37130fa4209","GUINÉ-BISSAU","GUINÉ-BISSAU","GUINEA-BISSAU","localized",""
"labels.ui_bfccce4e64ed","África Ocidental","África Ocidental","West Africa","localized","src/pages/Mateus/Portfolio/portfolio.data.ts:124"
"labels.ui_20d1a5eb0b1a","Estados Unidos","Estados Unidos","United States","localized","src/pages/Mateus/Portfolio/portfolio.data.ts:150 | src/pages/Mateus/Portfolio/Portfolio.tsx:37"
"labels.ui_150a1552e712","ESTADOS UNIDOS","ESTADOS UNIDOS","UNITED STATES","localized",""
"labels.ui_37b030b12460","Lisboa","Lisboa","Lisbon","localized","src/pages/Mateus/Portfolio/portfolio.data.ts:179"
"labels.ui_fc30e2a579cd","Europa","Europa","Europe","localized","src/pages/Mateus/Portfolio/portfolio.data.ts:180"
"labels.ui_c69880c17af6","Preview do painel de gestão Nexovare","Preview do painel de gestão Nexovare","Nexovare management dashboard preview","localized","src/pages/Mateus/Portfolio/portfolio.data.ts:51"
"labels.ui_6ece9b11844d","Monograma NX do ecossistema Nexovare","Monograma NX do ecossistema Nexovare","NX monogram for the Nexovare platform","localized","src/pages/Mateus/Portfolio/portfolio.data.ts:53"
"labels.ui_5853bfa97f75","Preview do projeto APP BANCO","Preview do projeto APP BANCO","APP BANCO project preview","localized","src/pages/Mateus/Portfolio/portfolio.data.ts:79"
"labels.ui_1474c4adcc00","Logo do projeto APP BANCO","Logo do projeto APP BANCO","APP BANCO project logo","localized","src/pages/Mateus/Portfolio/portfolio.data.ts:81"
"labels.ui_7ebfb62d815d","Preview do marketplace Bideiras em Guiné-Bissau","Preview do marketplace Bideiras em Guiné-Bissau","Preview of the Bideiras marketplace in Guinea-Bissau","localized","src/pages/Mateus/Portfolio/portfolio.data.ts:107"
"labels.ui_69555d6881d4","Ícone da Bideiras em forma de sacola nas cores da Guiné-Bissau","Ícone da Bideiras em forma de sacola nas cores da Guiné-Bissau","Bideiras shopping bag icon in Guinea-Bissau's national colors","localized","src/pages/Mateus/Portfolio/portfolio.data.ts:109"
"labels.ui_4f3fe799d2e3","Preview do projeto APP BARBEARIA","Preview do projeto APP BARBEARIA","APP BARBEARIA project preview","localized","src/pages/Mateus/Portfolio/portfolio.data.ts:135"
"labels.ui_6e85461bad14","Logo do projeto APP BARBEARIA","Logo do projeto APP BARBEARIA","APP BARBEARIA project logo","localized","src/pages/Mateus/Portfolio/portfolio.data.ts:137"
"labels.ui_740700a6e162","Página inicial do projeto Entre Paginas","Página inicial do projeto Entre Paginas","Entre Paginas homepage","localized","src/pages/Mateus/Portfolio/portfolio.data.ts:163"
"labels.ui_254a083d9fb6","Logo Entre Paginas","Logo Entre Paginas","Entre Paginas logo","localized","src/pages/Mateus/Portfolio/portfolio.data.ts:165"
"labels.ui_7cfbd42bee35","Preview do projeto Walter Adv","Preview do projeto Walter Adv","Walter Adv project preview","localized","src/pages/Mateus/Portfolio/portfolio.data.ts:191"
"labels.ui_001aa237b843","Logo do projeto Walter Adv","Logo do projeto Walter Adv","Walter Adv project logo","localized","src/pages/Mateus/Portfolio/portfolio.data.ts:193"
"labels.ui_c45c5e218447","Preview do projeto Fran Studio","Preview do projeto Fran Studio","Fran Studio project preview","localized","src/pages/Mateus/Portfolio/portfolio.data.ts:219"
"labels.ui_66f57b0509de","Logo do projeto Fran Studio","Logo do projeto Fran Studio","Fran Studio project logo","localized","src/pages/Mateus/Portfolio/portfolio.data.ts:221"
"labels.ui_f3c1d5dc152a","Gestão completa de cotações, produtos e fornecedores para operações comerciais com visão clara do negócio.","Gestão completa de cotações, produtos e fornecedores para operações comerciais com visão clara do negócio.","Manage quotes, products, and suppliers in one place, with a clear overview of your business.","localized","src/pages/Mateus/Portfolio/Portfolio.tsx:43"
"labels.ui_d009efe65189","Experiência bancária mobile desenhada para tornar consultas, movimentações e decisões financeiras mais simples.","Experiência bancária mobile desenhada para tornar consultas, movimentações e decisões financeiras mais simples.","A mobile banking experience that makes checking balances, moving money, and managing finances easier.","localized","src/pages/Mateus/Portfolio/Portfolio.tsx:45"
"labels.ui_c3af7c07e708","Loja virtual com catálogo, carrinho e checkout para conectar produtos locais a clientes em Guiné-Bissau.","Loja virtual com catálogo, carrinho e checkout para conectar produtos locais a clientes em Guiné-Bissau.","An online store with a catalog, cart, and checkout, connecting local products with customers in Guinea-Bissau.","localized","src/pages/Mateus/Portfolio/Portfolio.tsx:47"
"labels.ui_f0d994ec334c","Agenda digital com recorrência, organização de serviços e uma jornada direta para clientes e profissionais.","Agenda digital com recorrência, organização de serviços e uma jornada direta para clientes e profissionais.","Digital scheduling with repeat bookings, service management, and a straightforward experience for customers and professionals.","localized","src/pages/Mateus/Portfolio/Portfolio.tsx:49"
"labels.ui_8403740932f8","Experiência editorial para um clube de leitura, com narrativas imersivas, encontros e descoberta de livros.","Experiência editorial para um clube de leitura, com narrativas imersivas, encontros e descoberta de livros.","A reading club experience with immersive stories, meetups, and book discovery.","localized","src/pages/Mateus/Portfolio/Portfolio.tsx:51"
"labels.ui_95671de85091","Presença institucional elegante, com conteúdo jurídico acessível e canais de contato fáceis de encontrar.","Presença institucional elegante, com conteúdo jurídico acessível e canais de contato fáceis de encontrar.","A polished professional website with clear legal information and easy-to-find contact options.","localized","src/pages/Mateus/Portfolio/Portfolio.tsx:53"
"labels.ui_a3694ce49966","Vitrine digital para serviços, identidade de marca e captação de clientes em uma experiência local acolhedora.","Vitrine digital para serviços, identidade de marca e captação de clientes em uma experiência local acolhedora.","A welcoming digital storefront for showcasing services, building a brand, and attracting local customers.","localized","src/pages/Mateus/Portfolio/Portfolio.tsx:55"
"labels.ui_3d43bbcce78e","Origem: Fortaleza, Brasil","Origem: Fortaleza, Brasil","Starting point: Fortaleza, Brazil","localized","src/pages/Mateus/Portfolio/Portfolio.tsx:568"
"labels.ui_9d9cb2a9b602","BRASIL · ORIGEM","BRASIL · ORIGEM","BRAZIL · START","localized","src/pages/Mateus/Portfolio/Portfolio.tsx:574"
"labels.ui_ac2f629fa1a4","· DESTINO","· DESTINO","· DESTINATION","localized","src/pages/Mateus/Portfolio/Portfolio.tsx:590"
"labels.ui_9f897d097511","Selecionar {{name}}","Selecionar {{name}}","Select {{name}}","localized",""
"labels.ui_74c87369a418","Destino atual: {{city}}, {{country}}","Destino atual: {{city}}, {{country}}","Current destination: {{city}}, {{country}}","localized",""
"labels.ui_658139845434","País do projeto: {{country}}","País do projeto: {{country}}","Project country: {{country}}","localized",""
"labels.ui_7c10582e7b01","Controles do mapa","Controles do mapa","Map controls","localized","src/pages/Mateus/Portfolio/Portfolio.tsx:608"
"labels.ui_7bcadec57a4a","Centralizar mapa","Centralizar mapa","Center map","localized","src/pages/Mateus/Portfolio/Portfolio.tsx:612"
"labels.ui_8a91f08e387b","Aumentar mapa","Aumentar mapa","Zoom in","localized","src/pages/Mateus/Portfolio/Portfolio.tsx:619"
"labels.ui_262bb5fa788b","Diminuir mapa","Diminuir mapa","Zoom out","localized","src/pages/Mateus/Portfolio/Portfolio.tsx:628"
"labels.ui_7e415e542701","Tecnologias","Tecnologias","Technologies","localized","src/pages/Mateus/Portfolio/MobileProjectMeta.tsx:40 | src/pages/Mateus/Portfolio/Portfolio.tsx:832"
"labels.ui_f21c564a3448","Todos os projetos","Todos os projetos","All projects","localized","src/pages/Mateus/Portfolio/Portfolio.tsx:681"
"labels.ui_daf7b29c62c9","Próximo projeto","Próximo projeto","Next project","localized","src/pages/Mateus/Portfolio/components/PortfolioProjectCard.tsx:98 | src/pages/Mateus/Portfolio/components/PortfolioProjectPlaceholder.tsx:23 | src/pages/Mateus/Portfolio/Portfolio.tsx:661 | src/pages/Mateus/Portfolio/Portfolio.tsx:793"
"labels.ui_91573764eaa9","Índice de projetos","Índice de projetos","Project index","localized","src/pages/Mateus/Portfolio/Portfolio.tsx:724"
"labels.ui_4be397f614a1","Mapa dos projetos","Mapa dos projetos","Project map","localized","src/pages/Mateus/Portfolio/Portfolio.tsx:781"
"labels.ui_0ca6a4901d15","Paginação de projetos","Paginação de projetos","Project navigation","localized","src/pages/Mateus/Portfolio/Portfolio.tsx:782"
"labels.ui_f354b7a7d88f","Projeto anterior","Projeto anterior","Previous project","localized","src/pages/Mateus/Portfolio/components/PortfolioProjectCard.tsx:70 | src/pages/Mateus/Portfolio/components/PortfolioProjectPlaceholder.tsx:23 | src/pages/Mateus/Portfolio/Portfolio.tsx:786"
"labels.ui_b40f9ee4082f","Projeto em destaque: {{name}}","Projeto em destaque: {{name}}","Featured project: {{name}}","localized",""
"labels.ui_e21ea0ee51ef","Projeto em destaque do portfólio","Projeto em destaque do portfólio","Featured portfolio project","localized","src/pages/Mateus/Portfolio/components/PortfolioViewport.tsx:69"
"labels.ui_3b02b98aa791","Abrir projeto {{name}}","Abrir projeto {{name}}","Open project {{name}}","localized",""
"labels.ui_498de94aa887","Tecnologias utilizadas no projeto {{name}}","Tecnologias utilizadas no projeto {{name}}","Technologies used in {{name}}","localized",""
"labels.ui_06ab54132f33","O que foi recebido","O que foi recebido","What came in","localized","src/pages/Mateus/CognitiveNetwork/cognitiveNetwork.data.ts:38"
"labels.ui_57aefea837f7","O que já é conhecido","O que já é conhecido","What is already known","localized","src/pages/Mateus/CognitiveNetwork/cognitiveNetwork.data.ts:43"
"labels.ui_cb46537856a2","Busca de informações","Busca de informações","Finding information","localized","src/pages/Mateus/CognitiveNetwork/cognitiveNetwork.data.ts:48"
"labels.ui_4582bf7abf18","Comparação de caminhos","Comparação de caminhos","Weighing the options","localized","src/pages/Mateus/CognitiveNetwork/cognitiveNetwork.data.ts:53"
"labels.ui_31056106ce60","Resultados","Resultados","Results","localized","src/pages/Mateus/CognitiveNetwork/cognitiveNetwork.data.ts:58"
"labels.ui_dda33024005f","ENTRADA","ENTRADA","INPUT","localized","src/pages/Mateus/CognitiveNetwork/cognitiveNetwork.data.ts:39"
"labels.ui_0435003324a9","CONTEXTO","CONTEXTO","CONTEXT","localized","src/pages/Mateus/CognitiveNetwork/cognitiveNetwork.data.ts:44"
"labels.ui_710ef6f2a335","BUSCA","BUSCA","SEARCH","localized","src/pages/Mateus/CognitiveNetwork/cognitiveNetwork.data.ts:49"
"labels.ui_192bfd3fb41c","SAÍDA","SAÍDA","OUTPUT","localized","src/pages/Mateus/CognitiveNetwork/cognitiveNetwork.data.ts:59"
"labels.ui_c5b0d91ac7b7","Intenção","Intenção","Intent","localized","src/pages/Mateus/CognitiveNetwork/cognitiveNetwork.data.ts:69"
"labels.ui_3fcaf4d3daff","PEDIDO","PEDIDO","REQUEST","localized","src/pages/Mateus/CognitiveNetwork/cognitiveNetwork.data.ts:70"
"labels.ui_088e70faf37b","Objetivo declarado que inicia a composição de contexto e define o resultado esperado.","Objetivo declarado que inicia a composição de contexto e define o resultado esperado.","The stated goal that shapes the context and defines the expected outcome.","localized","src/pages/Mateus/CognitiveNetwork/cognitiveNetwork.data.ts:73"
"labels.ui_22a3ce5a1659","Documentos","Documentos","Documents","localized","src/pages/Mateus/CognitiveNetwork/cognitiveNetwork.data.ts:83"
"labels.ui_aeff1299177b","TEXTOS","TEXTOS","TEXT","localized","src/pages/Mateus/CognitiveNetwork/cognitiveNetwork.data.ts:84"
"labels.ui_9bbd9d413fc8","Fontes textuais autorizadas, organizadas para extração e associação semântica.","Fontes textuais autorizadas, organizadas para extração e associação semântica.","Approved text sources, organized for extraction and semantic matching.","localized","src/pages/Mateus/CognitiveNetwork/cognitiveNetwork.data.ts:87"
"labels.ui_f58b85570398","Código","Código","Code","localized","src/pages/Mateus/CognitiveNetwork/CognitiveInsightPanel.tsx:37 | src/pages/Mateus/CognitiveNetwork/cognitiveNetwork.data.ts:97"
"labels.ui_fef2a9816c4e","CÓDIGO","CÓDIGO","CODE","localized","src/pages/Mateus/CognitiveNetwork/cognitiveNetwork.data.ts:98"
"labels.ui_b662027d8656","Estruturas, contratos e implementações que acrescentam evidência técnica ao contexto.","Estruturas, contratos e implementações que acrescentam evidência técnica ao contexto.","Structures, contracts, and implementations that add technical evidence to the context.","localized","src/pages/Mateus/CognitiveNetwork/cognitiveNetwork.data.ts:101"
"labels.ui_6706dbe8b723","Preferências","Preferências","Preferences","localized","src/pages/Mateus/CognitiveNetwork/cognitiveNetwork.data.ts:111"
"labels.ui_f901102e67af","PREFERÊNCIAS","PREFERÊNCIAS","PREFERENCES","localized","src/pages/Mateus/CognitiveNetwork/cognitiveNetwork.data.ts:112"
"labels.ui_73eae347bc6f","Restrições de linguagem, apresentação e escopo aplicadas antes da síntese.","Restrições de linguagem, apresentação e escopo aplicadas antes da síntese.","Language, presentation, and scope requirements applied before drafting the response.","localized","src/pages/Mateus/CognitiveNetwork/cognitiveNetwork.data.ts:115"
"labels.ui_cfe45c5bb7bf","Contexto lembrado","Contexto lembrado","Saved context","localized","src/pages/Mateus/CognitiveNetwork/cognitiveNetwork.data.ts:125"
"labels.ui_cb10645784f0","LEMBRAR","LEMBRAR","RECALL","localized","src/pages/Mateus/CognitiveNetwork/cognitiveNetwork.data.ts:126 | src/pages/Mateus/CognitiveNetwork/CognitiveNetwork.tsx:70"
"labels.ui_3799d17670fc","Camada CAG que mantém contexto estável já preparado para reduzir reconstruções desnecessárias.","Camada CAG que mantém contexto estável já preparado para reduzir reconstruções desnecessárias.","A CAG layer that keeps stable context ready to use, avoiding unnecessary rebuilding.","localized","src/pages/Mateus/CognitiveNetwork/cognitiveNetwork.data.ts:129"
"labels.ui_a3503e6671d0","Lembranças organizadas","Lembranças organizadas","Curated memories","localized","src/pages/Mateus/CognitiveNetwork/cognitiveNetwork.data.ts:139"
"labels.ui_67aaebe90d7e","MEMÓRIA","MEMÓRIA","MEMORY","localized","src/pages/Mateus/CognitiveNetwork/cognitiveNetwork.data.ts:140"
"labels.ui_cd24bf28149d","Conhecimento resumido, revisado e mantido como contexto de longa duração.","Conhecimento resumido, revisado e mantido como contexto de longa duração.","Summarized, reviewed knowledge kept as long-term context.","localized","src/pages/Mateus/CognitiveNetwork/cognitiveNetwork.data.ts:143"
"labels.ui_950c3f6f5ad1","Filtro de informações","Filtro de informações","Information filter","localized","src/pages/Mateus/CognitiveNetwork/cognitiveNetwork.data.ts:153"
"labels.ui_dfd6401027c8","FILTRO","FILTRO","FILTER","localized","src/pages/Mateus/CognitiveNetwork/cognitiveNetwork.data.ts:154"
"labels.ui_98d10bedfdbb","Decide o que pode entrar no contexto público e o que deve permanecer fora da visualização.","Decide o que pode entrar no contexto público e o que deve permanecer fora da visualização.","Determines what belongs in the public context and what should stay out of the visualization.","localized","src/pages/Mateus/CognitiveNetwork/cognitiveNetwork.data.ts:157"
"labels.ui_3d1bc4976f40","Centro de decisões","Centro de decisões","Decision hub","localized","src/pages/Mateus/CognitiveNetwork/cognitiveNetwork.data.ts:167"
"labels.ui_159b4e956fb3","CÉREBRO","CÉREBRO","BRAIN","localized","src/pages/Mateus/CognitiveNetwork/cognitiveNetwork.data.ts:168"
"labels.ui_d817f57457bf","Ponto de convergência entre contexto pré-carregado e recuperação orientada pela consulta.","Ponto de convergência entre contexto pré-carregado e recuperação orientada pela consulta.","Where preloaded context meets information retrieved for the request.","localized","src/pages/Mateus/CognitiveNetwork/cognitiveNetwork.data.ts:171"
"labels.ui_2c8f9e3d416d","Busca combinada","Busca combinada","Hybrid search","localized","src/pages/Mateus/CognitiveNetwork/cognitiveNetwork.data.ts:181"
"labels.ui_c149ec2f90b9","BUSCAR","BUSCAR","SEARCH","localized","src/pages/Mateus/CognitiveNetwork/cognitiveNetwork.data.ts:182 | src/pages/Mateus/CognitiveNetwork/CognitiveNetwork.tsx:76"
"labels.ui_0ccb5a61744b","Combina sinais semânticos e estruturados para localizar material relevante.","Combina sinais semânticos e estruturados para localizar material relevante.","Combines semantic and structured signals to find relevant material.","localized","src/pages/Mateus/CognitiveNetwork/cognitiveNetwork.data.ts:185"
"labels.ui_de4f7a5325d6","Ordem de importância","Ordem de importância","Relevance ranking","localized","src/pages/Mateus/CognitiveNetwork/cognitiveNetwork.data.ts:195"
"labels.ui_1b9ef0546dc2","ORDEM","ORDEM","RANKING","localized",""
"labels.ui_d1eebe9e1baa","Ordena fragmentos pela relação com o objetivo, recência e força da evidência.","Ordena fragmentos pela relação com o objetivo, recência e força da evidência.","Ranks information by relevance to the goal, recency, and strength of evidence.","localized","src/pages/Mateus/CognitiveNetwork/cognitiveNetwork.data.ts:199"
"labels.ui_841008249629","Evidências","Evidências","Evidence","localized","src/pages/Mateus/CognitiveNetwork/cognitiveNetwork.data.ts:209"
"labels.ui_5f5dfc72a596","EVIDÊNCIAS","EVIDÊNCIAS","EVIDENCE","localized",""
"labels.ui_51ac2c23d286","Trechos e relações selecionados para sustentar a resposta e permitir verificação.","Trechos e relações selecionados para sustentar a resposta e permitir verificação.","Selected passages and connections that support the answer and make it verifiable.","localized","src/pages/Mateus/CognitiveNetwork/cognitiveNetwork.data.ts:213"
"labels.ui_a900bab8d39c","Escolha de caminho","Escolha de caminho","Choosing an approach","localized","src/pages/Mateus/CognitiveNetwork/cognitiveNetwork.data.ts:223"
"labels.ui_97878d57864f","Seleciona a estratégia adequada para transformar o contexto em uma solução verificável.","Seleciona a estratégia adequada para transformar o contexto em uma solução verificável.","Chooses the right strategy to turn the context into a verifiable solution.","localized","src/pages/Mateus/CognitiveNetwork/cognitiveNetwork.data.ts:227"
"labels.ui_fcb405adfd17","Montagem da resposta","Montagem da resposta","Building the response","localized","src/pages/Mateus/CognitiveNetwork/cognitiveNetwork.data.ts:237"
"labels.ui_be7004617270","Integra contexto, evidências e objetivo em uma estrutura coerente de saída.","Integra contexto, evidências e objetivo em uma estrutura coerente de saída.","Brings together the context, evidence, and goal into a coherent response.","localized","src/pages/Mateus/CognitiveNetwork/cognitiveNetwork.data.ts:241"
"labels.ui_89bc0280e188","Conferência final","Conferência final","Final check","localized","src/pages/Mateus/CognitiveNetwork/cognitiveNetwork.data.ts:251"
"labels.ui_42d85f2fd018","Compara resultado, requisitos e evidências antes de liberar uma resposta.","Compara resultado, requisitos e evidências antes de liberar uma resposta.","Checks the outcome against the requirements and evidence before releasing the response.","localized","src/pages/Mateus/CognitiveNetwork/cognitiveNetwork.data.ts:255"
"labels.ui_1297669e068b","Implementações, testes e artefatos construídos a partir do contexto validado.","Implementações, testes e artefatos construídos a partir do contexto validado.","Implementations, tests, and artifacts built from validated context.","localized","src/pages/Mateus/CognitiveNetwork/cognitiveNetwork.data.ts:269"
"labels.ui_589b48ed96e5","Pesquisa","Pesquisa","Research","localized","src/pages/Mateus/CognitiveNetwork/cognitiveNetwork.data.ts:279"
"labels.ui_4d0dc6f8ea09","Análises sustentadas por fontes e distinção clara entre evidência e inferência.","Análises sustentadas por fontes e distinção clara entre evidência e inferência.","Source-backed analysis that clearly distinguishes evidence from inference.","localized","src/pages/Mateus/CognitiveNetwork/cognitiveNetwork.data.ts:283"
"labels.ui_e8c03f6d8cef","Sistemas visuais e experiências que convertem intenção técnica em leitura humana.","Sistemas visuais e experiências que convertem intenção técnica em leitura humana.","Visual systems and experiences that make technical ideas easy to understand.","localized","src/pages/Mateus/CognitiveNetwork/cognitiveNetwork.data.ts:297"
"labels.ui_0c177757203d","Automação","Automação","Automation","localized","src/pages/Mateus/CognitiveNetwork/cognitiveNetwork.data.ts:307"
"labels.ui_80238fc6150a","Fluxos repetíveis com critérios explícitos, observação e limites de execução.","Fluxos repetíveis com critérios explícitos, observação e limites de execução.","Repeatable workflows with clear criteria, monitoring, and execution limits.","localized","src/pages/Mateus/CognitiveNetwork/cognitiveNetwork.data.ts:311"
"labels.ui_80cf8e496855","Pensamento","Pensamento","Thinking","localized","src/pages/Mateus/CognitiveNetwork/cognitiveNetwork.data.ts:356"
"labels.ui_2a85bcfecfa3","Veja ideias surgindo, sendo comparadas e escolhidas.","Veja ideias surgindo, sendo comparadas e escolhidas.","Watch ideas take shape, get compared, and be selected.","localized","src/pages/Mateus/CognitiveNetwork/cognitiveNetwork.data.ts:357"
"labels.ui_9b63ab2d1c2a","Como responde","Como responde","How it responds","localized","src/pages/Mateus/CognitiveNetwork/cognitiveNetwork.data.ts:361"
"labels.ui_bc47d1c2178c","Acompanhe o caminho do pedido até a resposta final.","Acompanhe o caminho do pedido até a resposta final.","Follow the journey from the request to the final answer.","localized","src/pages/Mateus/CognitiveNetwork/cognitiveNetwork.data.ts:362"
"labels.ui_d3247ce0038d","Lembranças","Lembranças","Memories","localized","src/pages/Mateus/CognitiveNetwork/cognitiveNetwork.data.ts:366"
"labels.ui_bec0e7e34236","Veja conhecimentos relacionados sendo encontrados e conectados.","Veja conhecimentos relacionados sendo encontrados e conectados.","See related knowledge being found and connected.","localized","src/pages/Mateus/CognitiveNetwork/cognitiveNetwork.data.ts:368"
"labels.ui_4f3995ef9f90","Cérebro anatômico 3D com contornos luminosos nas fissuras corticais","Cérebro anatômico 3D com contornos luminosos nas fissuras corticais","3D anatomical brain with illuminated cortical folds","localized","src/pages/Mateus/CognitiveNetwork/CognitiveBrainScene.tsx:423"
"labels.ui_ecf7984e8ec7","Visão","Visão","Vision","localized","src/pages/Mateus/CognitiveNetwork/CognitiveInsightPanel.tsx:36"
"labels.ui_fcd95b14beda","Memória","Memória","Memory","localized","src/pages/Mateus/CognitiveNetwork/CognitiveInsightPanel.tsx:38 | src/pages/Mateus/CognitiveNetwork/CognitiveInsightPanel.tsx:54"
"labels.ui_c333eec8f6cc","Raciocínio","Raciocínio","Reasoning","localized","src/pages/Mateus/CognitiveNetwork/CognitiveInsightPanel.tsx:39 | src/pages/Mateus/CognitiveNetwork/CognitiveInsightPanel.tsx:53"
"labels.ui_556bde9c1381","Percepção","Percepção","Perception","localized","src/pages/Mateus/CognitiveNetwork/CognitiveInsightPanel.tsx:56"
"labels.ui_9db301fb5635","sinais","sinais","signals","localized","src/pages/Mateus/CognitiveNetwork/CognitiveInsightPanel.tsx:468"
"labels.ui_7af27baaf512","amostras","amostras","samples","localized","src/pages/Mateus/CognitiveNetwork/CognitiveInsightPanel.tsx:575"
"labels.ui_2ad778f97612","Mapa de atenção","Mapa de atenção","Attention map","localized","src/pages/Mateus/CognitiveNetwork/CognitiveInsightPanel.tsx:467"
"labels.ui_599b68e1e2c7","Distribuição dinâmica da atenção","Distribuição dinâmica da atenção","Dynamic attention distribution","localized","src/pages/Mateus/CognitiveNetwork/CognitiveInsightPanel.tsx:474"
"labels.ui_88a08369bfa0","Ativação latente","Ativação latente","Latent activation","localized","src/pages/Mateus/CognitiveNetwork/CognitiveInsightPanel.tsx:574"
"labels.ui_e3f5125e2986","Ativação por dimensão latente","Ativação por dimensão latente","Activation by latent dimension","localized","src/pages/Mateus/CognitiveNetwork/CognitiveInsightPanel.tsx:577"
"labels.ui_77e6688a6554","DIMENSÃO LATENTE","DIMENSÃO LATENTE","LATENT DIMENSION","localized","src/pages/Mateus/CognitiveNetwork/CognitiveInsightPanel.tsx:602"
"labels.ui_76ef9d99280a","ATIVAÇÃO","ATIVAÇÃO","ACTIVATION","localized","src/pages/Mateus/CognitiveNetwork/CognitiveInsightPanel.tsx:603"
"labels.ui_86845e33e23d","Radar cognitivo","Radar cognitivo","Cognitive radar","localized","src/pages/Mateus/CognitiveNetwork/CognitiveInsightPanel.tsx:646"
"labels.ui_40e75506f970","Equilíbrio das capacidades cognitivas","Equilíbrio das capacidades cognitivas","Balance of cognitive capabilities","localized","src/pages/Mateus/CognitiveNetwork/CognitiveInsightPanel.tsx:649"
"labels.ui_dc166e2fe7cd","Leituras cognitivas em transição contínua","Leituras cognitivas em transição contínua","Continuously updating cognitive readings","localized","src/pages/Mateus/CognitiveNetwork/CognitiveInsightPanel.tsx:705"
"labels.ui_cdc060c83521","ATIVIDADE DO CÉREBRO","ATIVIDADE DO CÉREBRO","BRAIN ACTIVITY","localized","src/pages/Mateus/CognitiveNetwork/CognitiveNetwork.tsx:33"
"labels.ui_1b7350c98729","CAMINHO DA RESPOSTA","CAMINHO DA RESPOSTA","RESPONSE PATH","localized","src/pages/Mateus/CognitiveNetwork/CognitiveNetwork.tsx:43"
"labels.ui_a3a4ee57874b","LEMBRANÇAS ATIVAS","LEMBRANÇAS ATIVAS","ACTIVE MEMORIES","localized","src/pages/Mateus/CognitiveNetwork/CognitiveNetwork.tsx:53"
"labels.ui_85ec86c01918","ESCOLHENDO CAMINHOS","ESCOLHENDO CAMINHOS","CHOOSING AN APPROACH","localized","src/pages/Mateus/CognitiveNetwork/CognitiveNetwork.tsx:34"
"labels.ui_b94eda8ec7d4","JUNTANDO INFORMAÇÕES","JUNTANDO INFORMAÇÕES","GATHERING INFORMATION","localized","src/pages/Mateus/CognitiveNetwork/CognitiveNetwork.tsx:44"
"labels.ui_9668d5f3a468","BUSCANDO LEMBRANÇAS","BUSCANDO LEMBRANÇAS","RECALLING MEMORIES","localized","src/pages/Mateus/CognitiveNetwork/CognitiveNetwork.tsx:54"
"labels.ui_8e2a13b1039a","ENTENDER","ENTENDER","UNDERSTAND","localized","src/pages/Mateus/CognitiveNetwork/CognitiveNetwork.tsx:68 | src/pages/Mateus/CognitiveNetwork/CognitiveNetwork.tsx:194"
"labels.ui_6c628a59f0b3","PEDIDO RECEBIDO","PEDIDO RECEBIDO","REQUEST RECEIVED","localized","src/pages/Mateus/CognitiveNetwork/CognitiveNetwork.tsx:68"
"labels.ui_7fbd97f2ec4f","ENTENDIDO","ENTENDIDO","UNDERSTOOD","localized","src/pages/Mateus/CognitiveNetwork/CognitiveNetwork.tsx:68"
"labels.ui_45d92a11aa7b","IMAGINAR","IMAGINAR","EXPLORE","localized","src/pages/Mateus/CognitiveNetwork/CognitiveNetwork.tsx:69"
"labels.ui_8263d98ab150","CAMINHOS POSSÍVEIS","CAMINHOS POSSÍVEIS","POSSIBLE APPROACHES","localized","src/pages/Mateus/CognitiveNetwork/CognitiveNetwork.tsx:69"
"labels.ui_1d82e7dda222","12 IDEIAS","12 IDEIAS","12 IDEAS","localized","src/pages/Mateus/CognitiveNetwork/CognitiveNetwork.tsx:69"
"labels.ui_a93381b7d241","EXPERIÊNCIAS ÚTEIS","EXPERIÊNCIAS ÚTEIS","RELEVANT EXPERIENCE","localized","src/pages/Mateus/CognitiveNetwork/CognitiveNetwork.tsx:70"
"labels.ui_905c2846eab7","48 LEMBRANÇAS","48 LEMBRANÇAS","48 MEMORIES","localized","src/pages/Mateus/CognitiveNetwork/CognitiveNetwork.tsx:70"
"labels.ui_f63b14abc0c0","COMPARAR","COMPARAR","COMPARE","localized","src/pages/Mateus/CognitiveNetwork/CognitiveNetwork.tsx:71"
"labels.ui_6b8a038d61da","MELHOR OPÇÃO","MELHOR OPÇÃO","BEST OPTION","localized","src/pages/Mateus/CognitiveNetwork/CognitiveNetwork.tsx:71"
"labels.ui_5db59babaee7","95% SEGURA","95% SEGURA","95% CONFIDENCE","localized","src/pages/Mateus/CognitiveNetwork/CognitiveNetwork.tsx:71"
"labels.ui_3a041167ccf9","DECIDIR","DECIDIR","DECIDE","localized","src/pages/Mateus/CognitiveNetwork/cognitiveNetwork.data.ts:54 | src/pages/Mateus/CognitiveNetwork/CognitiveNetwork.tsx:72 | src/pages/Mateus/CognitiveNetwork/CognitiveNetwork.tsx:195"
"labels.ui_d753cd48baec","PRÓXIMA AÇÃO","PRÓXIMA AÇÃO","NEXT ACTION","localized","src/pages/Mateus/CognitiveNetwork/CognitiveNetwork.tsx:72"
"labels.ui_7520b9fb77d6","ESCOLHIDA","ESCOLHIDA","SELECTED","localized","src/pages/Mateus/CognitiveNetwork/CognitiveNetwork.tsx:72"
"labels.ui_169da8b7a0e0","LER","LER","READ","localized","src/pages/Mateus/CognitiveNetwork/CognitiveNetwork.tsx:75"
"labels.ui_b92e106f4376","PEDIDO E CONTEXTO","PEDIDO E CONTEXTO","REQUEST AND CONTEXT","localized","src/pages/Mateus/CognitiveNetwork/CognitiveNetwork.tsx:75"
"labels.ui_275b3bf10f1b","6 PARTES","6 PARTES","6 PARTS","localized","src/pages/Mateus/CognitiveNetwork/CognitiveNetwork.tsx:75"
"labels.ui_7b9c62f0f41d","INFORMAÇÕES ÚTEIS","INFORMAÇÕES ÚTEIS","USEFUL INFORMATION","localized","src/pages/Mateus/CognitiveNetwork/CognitiveNetwork.tsx:76"
"labels.ui_1dfc83595efb","31 ENCONTRADAS","31 ENCONTRADAS","31 FOUND","localized","src/pages/Mateus/CognitiveNetwork/CognitiveNetwork.tsx:76"
"labels.ui_02c27164e0a6","SEPARAR","SEPARAR","SELECT","localized","src/pages/Mateus/CognitiveNetwork/CognitiveNetwork.tsx:77"
"labels.ui_5fecc2898b11","MELHORES FONTES","MELHORES FONTES","BEST SOURCES","localized","src/pages/Mateus/CognitiveNetwork/CognitiveNetwork.tsx:77"
"labels.ui_dcecafe1b9cf","8 USADAS","8 USADAS","8 USED","localized","src/pages/Mateus/CognitiveNetwork/CognitiveNetwork.tsx:77"
"labels.ui_ff8378cdb94e","JUNTAR","JUNTAR","COMBINE","localized","src/pages/Mateus/CognitiveNetwork/CognitiveNetwork.tsx:78"
"labels.ui_f73a4c0605bc","INFORMAÇÕES","INFORMAÇÕES","INFORMATION","localized","src/pages/Mateus/CognitiveNetwork/CognitiveNetwork.tsx:78"
"labels.ui_e94552bc010e","PRONTO","PRONTO","READY","localized","src/pages/Mateus/CognitiveNetwork/CognitiveNetwork.tsx:78 | src/pages/Mateus/CognitiveNetwork/CognitiveNetwork.tsx:86"
"labels.ui_d63330f382aa","MONTAR","MONTAR","ASSEMBLE","localized","src/pages/Mateus/CognitiveNetwork/cognitiveNetwork.data.ts:238 | src/pages/Mateus/CognitiveNetwork/CognitiveNetwork.tsx:79"
"labels.ui_350f859b11ff","RESPOSTA FINAL","RESPOSTA FINAL","FINAL RESPONSE","localized","src/pages/Mateus/CognitiveNetwork/CognitiveNetwork.tsx:79"
"labels.ui_6d479f73ad34","EM CURSO","EM CURSO","IN PROGRESS","localized","src/pages/Mateus/CognitiveNetwork/CognitiveNetwork.tsx:79"
"labels.ui_908b91da6955","PROCURAR","PROCURAR","SEARCH","localized","src/pages/Mateus/CognitiveNetwork/CognitiveNetwork.tsx:82"
"labels.ui_77320302a936","LEMBRANÇAS RELACIONADAS","LEMBRANÇAS RELACIONADAS","RELATED MEMORIES","localized","src/pages/Mateus/CognitiveNetwork/CognitiveNetwork.tsx:82"
"labels.ui_0496acc05c3a","ENCONTRAR","ENCONTRAR","FIND","localized","src/pages/Mateus/CognitiveNetwork/CognitiveNetwork.tsx:83"
"labels.ui_8e3f1f077b03","CASOS PARECIDOS","CASOS PARECIDOS","SIMILAR CASES","localized","src/pages/Mateus/CognitiveNetwork/CognitiveNetwork.tsx:83"
"labels.ui_02e8903b3fcc","24 ITENS","24 ITENS","24 ITEMS","localized","src/pages/Mateus/CognitiveNetwork/CognitiveNetwork.tsx:83"
"labels.ui_c254b7f05ac8","PRIORIZAR","PRIORIZAR","PRIORITIZE","localized","src/pages/Mateus/CognitiveNetwork/CognitiveNetwork.tsx:84"
"labels.ui_84fa6c95f4d1","MAIS RECENTES","MAIS RECENTES","MOST RECENT","localized","src/pages/Mateus/CognitiveNetwork/CognitiveNetwork.tsx:84"
"labels.ui_56236c28f2da","CONECTAR","CONECTAR","CONNECT","localized","src/pages/Mateus/CognitiveNetwork/CognitiveNetwork.tsx:85"
"labels.ui_00ddf5d4ed8c","LEMBRANÇAS","LEMBRANÇAS","MEMORIES","localized","src/pages/Mateus/CognitiveNetwork/CognitiveNetwork.tsx:85"
"labels.ui_8f957385a740","4 GRUPOS","4 GRUPOS","4 GROUPS","localized","src/pages/Mateus/CognitiveNetwork/CognitiveNetwork.tsx:85"
"labels.ui_a1b217a017b7","DEVOLVER","DEVOLVER","RETURN","localized","src/pages/Mateus/CognitiveNetwork/CognitiveNetwork.tsx:86"
"labels.ui_3da5432c2cd4","CONTEXTO ÚTIL","CONTEXTO ÚTIL","RELEVANT CONTEXT","localized","src/pages/Mateus/CognitiveNetwork/CognitiveNetwork.tsx:86"
"labels.ui_bfd4961145dd","Cérebro artificial em funcionamento","Cérebro artificial em funcionamento","Artificial brain at work","localized","src/pages/Mateus/CognitiveNetwork/CognitiveNetwork.tsx:127"
"labels.ui_e1c3fd3ecbfe","CÉREBRO ARTIFICIAL EM ATIVIDADE","CÉREBRO ARTIFICIAL EM ATIVIDADE","ARTIFICIAL BRAIN AT WORK","localized","src/pages/Mateus/CognitiveNetwork/CognitiveNetwork.tsx:132"
"labels.ui_3942876b8228","CICLO 24C","CICLO 24C","CYCLE 24C","localized","src/pages/Mateus/CognitiveNetwork/CognitiveNetwork.tsx:134"
"labels.ui_99273b1360bb","ETAPA 37","ETAPA 37","STEP 37","localized","src/pages/Mateus/CognitiveNetwork/CognitiveNetwork.tsx:135"
"labels.ui_311489584839","NÍVEL DE ATIVAÇÃO","NÍVEL DE ATIVAÇÃO","ACTIVATION LEVEL","localized","src/pages/Mateus/CognitiveNetwork/CognitiveNetwork.tsx:146"
"labels.ui_aee3ff346cd1","· PENSAMENTO ATUAL","· PENSAMENTO ATUAL","· CURRENT THOUGHT","localized","src/pages/Mateus/CognitiveNetwork/CognitiveNetwork.tsx:150"
"labels.ui_00ed591b5c5f","etapa","etapa","step","localized","src/pages/Mateus/CognitiveNetwork/CognitiveNetwork.tsx:155"
"labels.ui_cb73e4aa2e4b","de 5 ·","de 5 ·","of 5 ·","localized","src/pages/Mateus/CognitiveNetwork/CognitiveNetwork.tsx:155"
"labels.ui_09931b19f328","// RACIOCÍNIO AGORA","// RACIOCÍNIO AGORA","// CURRENT REASONING","localized","src/pages/Mateus/CognitiveNetwork/CognitiveNetwork.tsx:160"
"labels.ui_bdbb50de9955","PENSANDO ·","PENSANDO ·","THINKING ·","localized","src/pages/Mateus/CognitiveNetwork/CognitiveNetwork.tsx:183"
"labels.ui_ec652ad8a225","CÉREBRO IA","CÉREBRO IA","AI BRAIN","localized","src/pages/Mateus/CognitiveNetwork/CognitiveNetwork.tsx:185"
"labels.ui_1b623ce14639","SIMULAÇÃO VISUAL DO CÉREBRO ARTIFICIAL","SIMULAÇÃO VISUAL DO CÉREBRO ARTIFICIAL","VISUAL SIMULATION OF AN ARTIFICIAL BRAIN","localized","src/pages/Mateus/CognitiveNetwork/CognitiveNetwork.tsx:216"
"labels.ui_ef49e5940ae9","Ir para o início","Ir para o início","Go to home","localized","src/App/NavBar/components/BrandButton.tsx:70"
"labels.ui_65dec4a23c0c","Navegação principal mobile","Navegação principal mobile","Mobile main navigation","localized","src/App/NavBar/components/MobileNavbar.tsx:144"
"labels.ui_7ff31408d36a","Fechar menu","Fechar menu","Close menu","localized","src/App/NavBar/components/MobileMenuToggleButton.tsx:67 | src/App/NavBar/components/MobileNavbar.tsx:160"
"labels.ui_7db0b2e89b4c","Abrir menu","Abrir menu","Open menu","localized","src/App/NavBar/components/MobileMenuToggleButton.tsx:67"
"labels.ui_4222d444e8ce","Mais contatos","Mais contatos","More contact options","localized","src/pages/Mateus/FloatingChat.tsx:271"
"labels.ui_46cfb1f2220f","Abrir chat","Abrir chat","Open chat","localized","src/pages/Mateus/FloatingChat.tsx:633"
"labels.ui_322085898310","Mensagem","Mensagem","Message","localized","src/pages/Mateus/FloatingChat.tsx:692 | src/pages/Mateus/FloatingChat.tsx:824"
"labels.ui_c18dedbcdd31","Lag Arthur, assistente da Cabraiz","Lag Arthur, assistente da Cabraiz","Lag Arthur, Cabraiz's assistant","localized","src/pages/Mateus/FloatingChat.tsx:261 | src/pages/Mateus/FloatingChat.tsx:938 | src/pages/Mateus/FloatingChat.tsx:980"
"labels.ui_d68c179858c9","Atendente virtual","Atendente virtual","Virtual assistant","localized","src/pages/Mateus/FloatingChat.tsx:950"
"labels.ui_f17e52a1c86e","Jogo do elevador","Jogo do elevador","Elevator game","localized","src/pages/Mateus/Home/components/mobile/game/elevator/HomeElevatorGame.tsx:247"
"labels.ui_a51cef9b6495","Elevator Control","Controle do elevador","Elevator Control","localized","src/pages/Mateus/Home/components/mobile/game/elevator/HomeElevatorGame.tsx:251"
"labels.ui_651a507d8971","Fechar jogo do elevador","Fechar jogo do elevador","Close elevator game","localized","src/pages/Mateus/Home/components/mobile/game/elevator/HomeElevatorGame.tsx:258"
"labels.ui_b3835a4cea97","Indicadores do elevador","Indicadores do elevador","Elevator stats","localized","src/pages/Mateus/Home/components/mobile/game/elevator/HomeElevatorGame.tsx:263"
"labels.ui_38e5a46cbc5a","Score","Pontuação","Score","localized","src/pages/Mateus/Home/components/mobile/game/elevator/HomeElevatorGame.tsx:265"
"labels.ui_9f818dbe915c","Entregas","Entregas","Drop-offs","localized","src/pages/Mateus/Home/components/mobile/game/elevator/HomeElevatorGame.tsx:269"
"labels.ui_9921bcc6a678","Cabine","Cabine","Cabin","localized","src/pages/Mateus/Home/components/mobile/game/elevator/HomeElevatorGame.tsx:273"
"labels.ui_2ced24713ba0","Energia","Energia","Energy","localized","src/pages/Mateus/Home/components/mobile/game/elevator/HomeElevatorGame.tsx:279"
"labels.ui_f4eceff0e0ef","Prédio com andares","Prédio com andares","Multi-story building","localized","src/pages/Mateus/Home/components/mobile/game/elevator/HomeElevatorGame.tsx:291"
"labels.ui_c27e87cbfb5f","Painel de andares","Painel de andares","Floor controls","localized","src/pages/Mateus/Home/components/mobile/game/elevator/HomeElevatorGame.tsx:357"
"labels.ui_e25612e10cad","Subir um andar","Subir um andar","Go up one floor","localized","src/pages/Mateus/Home/components/mobile/game/elevator/HomeElevatorGame.tsx:390"
"labels.ui_b3aad4488f3a","Subir","Subir","Up","localized","src/pages/Mateus/Home/components/mobile/game/elevator/HomeElevatorGame.tsx:392"
"labels.ui_61c21002de75","Descer um andar","Descer um andar","Go down one floor","localized","src/pages/Mateus/Home/components/mobile/game/elevator/HomeElevatorGame.tsx:397"
"labels.ui_12728297b3d1","Descer","Descer","Down","localized","src/pages/Mateus/Home/components/mobile/game/elevator/HomeElevatorGame.tsx:399"
"labels.ui_a01a5fce396e","Abrir","Abrir","Open","localized","src/pages/Mateus/Home/components/mobile/game/elevator/HomeElevatorGame.tsx:241"
"labels.ui_0f2bd88ef0ac","Fechar","Fechar","Close","localized","src/pages/Mateus/Home/components/mobile/game/elevator/HomeElevatorGame.tsx:242"
"labels.ui_e6fd4dc6b45b","Abrir portas","Abrir portas","Open doors","localized",""
"labels.ui_a4f876d1a103","Fechar portas","Fechar portas","Close doors","localized",""
"labels.ui_e57393417c04","Adicionar nova chamada","Adicionar nova chamada","Add a new call","localized","src/pages/Mateus/Home/components/mobile/game/elevator/HomeElevatorGame.tsx:415"
"labels.ui_87bec0ba9053","Chamada","Chamada","Call","localized","src/pages/Mateus/Home/components/mobile/game/elevator/HomeElevatorGame.tsx:417"
"labels.ui_bb68fac8bde3","Reiniciar jogo do elevador","Reiniciar jogo do elevador","Restart elevator game","localized","src/pages/Mateus/Home/components/mobile/game/elevator/HomeElevatorGame.tsx:425"
"labels.ui_4d1e6caec772","Reiniciar","Reiniciar","Restart","localized","src/pages/Mateus/Home/components/mobile/game/elevator/HomeElevatorGame.tsx:427"
"labels.ui_6f146be87bdc","Sair do jogo do elevador","Sair do jogo do elevador","Exit elevator game","localized","src/pages/Mateus/Home/components/mobile/game/elevator/HomeElevatorGame.tsx:432"
"labels.ui_2d023dea2a9d","Sair","Sair","Exit","localized","src/pages/Mateus/Home/components/mobile/game/elevator/HomeElevatorGame.tsx:434"
"labels.ui_db6ff88d3c75","{{count}} passageiros aguardando no {{floor}}º andar","{{count}} passageiros aguardando no {{floor}}º andar","{{count}} passengers waiting on floor {{floor}}","localized",""
"labels.ui_954d1d782928","Ir para o {{floor}}º andar","Ir para o {{floor}}º andar","Go to floor {{floor}}","localized",""
"labels.ui_b1e61e4c3021","Energia zerada. Segure o prédio e reinicie a operação.","Energia zerada. Segure o prédio e reinicie a operação.","Out of energy. Take a breather and restart.","localized","src/pages/Mateus/Home/components/mobile/game/elevator/HomeElevatorGame.tsx:69"
"labels.ui_a2c86799bb1e","Portas abertas: entregando passageiros e embarcando quem está no andar.","Portas abertas: entregando passageiros e embarcando quem está no andar.","Doors open: passengers are getting off and boarding.","localized","src/pages/Mateus/Home/components/mobile/game/elevator/HomeElevatorGame.tsx:73"
"labels.ui_93972aca03e8","Abrindo portas.","Abrindo portas.","Opening doors.","localized","src/pages/Mateus/Home/components/mobile/game/elevator/HomeElevatorGame.tsx:77"
"labels.ui_e72e2f051026","Fechando portas.","Fechando portas.","Closing doors.","localized","src/pages/Mateus/Home/components/mobile/game/elevator/HomeElevatorGame.tsx:81"
"labels.ui_503dac8d6319","Escolha o destino mais próximo para manter sequência de entrega.","Escolha o destino mais próximo para manter sequência de entrega.","Choose the nearest destination to keep your drop-off streak going.","localized","src/pages/Mateus/Home/components/mobile/game/elevator/HomeElevatorGame.tsx:89"
"labels.ui_62e384cfbcc8","Há chamadas ativas. Toque em um andar com ponto vermelho.","Há chamadas ativas. Toque em um andar com ponto vermelho.","Calls are waiting. Tap a floor with a red dot.","localized","src/pages/Mateus/Home/components/mobile/game/elevator/HomeElevatorGame.tsx:93"
"labels.ui_3628236d58c7","Prédio sob controle. Aguarde a próxima chamada.","Prédio sob controle. Aguarde a próxima chamada.","All calls handled. Wait for the next one.","localized","src/pages/Mateus/Home/components/mobile/game/elevator/HomeElevatorGame.tsx:96"
"labels.ui_89488609cc98","Iniciando Drive","Iniciando Drive","Starting Drive","localized","src/pages/Mateus/Home/components/mobile/game/driving/boot/useHomeDriveBootLoader.ts:47"
"labels.ui_d5f7d977c99d","Falha ao carregar Drive","Falha ao carregar Drive","Couldn't load Drive","localized","src/pages/Mateus/Home/components/mobile/game/driving/boot/useHomeDriveBootLoader.ts:135"
"labels.ui_4610816b31aa","Motor/base","Motor/base","Engine/base","localized","src/pages/Mateus/Home/components/mobile/game/driving/domain/diagnostics/homeDrive.runtimeDiagnostics.ts:386"
"labels.ui_3fcdc74207a8","triângulos","triângulos","triangles","localized","src/pages/Mateus/Home/components/mobile/game/driving/domain/diagnostics/homeDrive.runtimeDiagnostics.ts:398"
"labels.ui_74d095fefb10","geometrias","geometrias","geometries","localized","src/pages/Mateus/Home/components/mobile/game/driving/domain/diagnostics/homeDrive.runtimeDiagnostics.ts:402"
"labels.ui_bbea171b2cb1","texturas","texturas","textures","localized","src/pages/Mateus/Home/components/mobile/game/driving/domain/diagnostics/homeDrive.runtimeDiagnostics.ts:406"
"labels.ui_de9effe76620","Carros","Carros","Cars","localized","src/pages/Mateus/Home/components/mobile/game/driving/domain/diagnostics/homeDrive.runtimeDiagnostics.ts:462"
"labels.ui_cdb59355f3ba","player","jogador","player","localized","src/pages/Mateus/Home/components/mobile/game/driving/domain/diagnostics/homeDrive.runtimeDiagnostics.ts:470 | src/pages/Mateus/Home/hooks/useHomeArcadeCollisions.ts:21 | src/pages/Mateus/Home/hooks/useHomeArcadePhysics.ts:21"
"labels.ui_23063a6b2c59","andando","andando","moving","localized","src/pages/Mateus/Home/components/mobile/game/driving/domain/diagnostics/homeDrive.runtimeDiagnostics.ts:474"
"labels.ui_c908382fff16","IA cheia","IA cheia","full AI","localized","src/pages/Mateus/Home/components/mobile/game/driving/domain/diagnostics/homeDrive.runtimeDiagnostics.ts:478"
"labels.ui_ab258f219804","renderizados","renderizados","rendered","localized","src/pages/Mateus/Home/components/mobile/game/driving/domain/diagnostics/homeDrive.runtimeDiagnostics.ts:482"
"labels.ui_44505a600f75","parados","parados","parked","localized","src/pages/Mateus/Home/components/mobile/game/driving/domain/diagnostics/homeDrive.runtimeDiagnostics.ts:486"
"labels.ui_8add88595bad","danificados","danificados","damaged","localized","src/pages/Mateus/Home/components/mobile/game/driving/domain/diagnostics/homeDrive.runtimeDiagnostics.ts:490 | src/pages/Mateus/Home/components/mobile/game/driving/domain/diagnostics/homeDrive.runtimeDiagnostics.ts:611"
"labels.ui_c2c73c888be0","Pedestres","Pedestres","Pedestrians","localized","src/pages/Mateus/Home/components/mobile/game/driving/domain/diagnostics/homeDrive.runtimeDiagnostics.ts:533 | src/pages/Mateus/Home/components/mobile/game/driving/domain/diagnostics/homeDrive.runtimeProfiler.ts:14"
"labels.ui_82da49ee984b","agentes","agentes","agents","localized","src/pages/Mateus/Home/components/mobile/game/driving/domain/diagnostics/homeDrive.runtimeDiagnostics.ts:541"
"labels.ui_1f93bd7e094e","zonas","zonas","zones","localized","src/pages/Mateus/Home/components/mobile/game/driving/domain/diagnostics/homeDrive.runtimeDiagnostics.ts:545"
"labels.ui_8380ef96b7be","colisão lock","colisão lock","collision lock","localized","src/pages/Mateus/Home/components/mobile/game/driving/domain/diagnostics/homeDrive.runtimeDiagnostics.ts:553"
"labels.ui_889cd0f8e89c","travessia","travessia","crossings","localized","src/pages/Mateus/Home/components/mobile/game/driving/domain/diagnostics/homeDrive.runtimeDiagnostics.ts:557"
"labels.ui_866b6d81abc2","Prédios","Prédios","Buildings","localized","src/pages/Mateus/Home/components/mobile/game/driving/domain/diagnostics/homeDrive.runtimeDiagnostics.ts:599"
"labels.ui_98979371e0cd","bases","bases","bases","localized","src/pages/Mateus/Home/components/mobile/game/driving/domain/diagnostics/homeDrive.runtimeDiagnostics.ts:607"
"labels.ui_71026cbd9492","buracos","buracos","holes","localized","src/pages/Mateus/Home/components/mobile/game/driving/domain/diagnostics/homeDrive.runtimeDiagnostics.ts:615"
"labels.ui_68d158a0c13c","pedregulhos","pedregulhos","debris","localized","src/pages/Mateus/Home/components/mobile/game/driving/domain/diagnostics/homeDrive.runtimeDiagnostics.ts:619"
"labels.ui_ecf3cc094f1e","Diagnóstico HomeDrive","Diagnóstico HomeDrive","HomeDrive diagnostics","localized","src/pages/Mateus/Home/components/mobile/game/driving/view/HomeDriveDiagnosticsOverlay.tsx:88"
"labels.ui_0483e934144c","coletando primeiros dados…","coletando primeiros dados…","collecting initial data…","localized","src/pages/Mateus/Home/components/mobile/game/driving/view/HomeDriveDiagnosticsOverlay.tsx:89"
"labels.ui_4df596bc9d12","Peso atual do frame","Peso atual do frame","Current frame load","localized","src/pages/Mateus/Home/components/mobile/game/driving/view/HomeDriveDiagnosticsOverlay.tsx:99"
"labels.ui_50a41b509c8a","barra 100% · carros · pedestres · prédios","barra 100% · carros · pedestres · prédios","100% bar · cars · pedestrians · buildings","localized","src/pages/Mateus/Home/components/mobile/game/driving/view/HomeDriveDiagnosticsOverlay.tsx:100"
"labels.ui_8fbb27ee055e","Distribuição de custo do frame entre carros, pedestres e prédios","Distribuição de custo do frame entre carros, pedestres e prédios","Frame cost distribution across cars, pedestrians, and buildings","localized","src/pages/Mateus/Home/components/mobile/game/driving/view/HomeDriveDiagnosticsOverlay.tsx:103"
"labels.ui_1c5119e43aa6","Maior score de pressão no frame atual.","Maior score de pressão no frame atual.","Highest load score in the current frame.","localized","src/pages/Mateus/Home/components/mobile/game/driving/domain/diagnostics/homeDrive.runtimeDiagnostics.ts:656"
"labels.ui_de710d0d79ec","Carros andando","Carros andando","Moving cars","localized","src/pages/Mateus/Home/components/mobile/game/driving/domain/diagnostics/homeDrive.runtimeProfiler.ts:15"
"labels.ui_bc9b341ac789","Carros parados","Carros parados","Parked cars","localized","src/pages/Mateus/Home/components/mobile/game/driving/domain/diagnostics/homeDrive.runtimeProfiler.ts:16"
"labels.ui_59ba6f4e300c","Check-in na orla da Beira Mar.","Check-in na orla da Beira Mar.","Check in along the Beira Mar waterfront.","localized",""
"labels.ui_4a37b7f4f7ef","Check-in cultural no Dragão do Mar.","Check-in cultural no Dragão do Mar.","Stop for a cultural visit at Dragão do Mar.","localized",""
"labels.ui_8016bfe8a627","Check-in no polo de eventos.","Check-in no polo de eventos.","Check in at the events district.","localized",""
"labels.ui_44263d2a1496","Check-in no entorno da Arena Castelão.","Check-in no entorno da Arena Castelão.","Check in near Arena Castelão.","localized",""
"labels.ui_00f02f290f5a","Noitada na Aldeota","Noitada na Aldeota","A night out in Aldeota","localized",""
"labels.ui_5c3aae1ae4f9","Check-in noturno na Aldeota.","Check-in noturno na Aldeota.","Check in for a night out in Aldeota.","localized",""
"labels.ui_1e1b65fe46b8","Check-in na saída leste/litoral rumo ao Beach Park.","Check-in na saída leste/litoral rumo ao Beach Park.","Check in on the coastal road heading east toward Beach Park.","localized",""
"labels.ui_fc7c200d9060","Assets preparados.","Assets preparados.","Assets ready.","localized","src/pages/Mateus/Home/components/mobile/game/driving/boot/homeDriveBootAssets.ts:523"
"labels.ui_111546e99c21","Carregando imagens","Carregando imagens","Loading images","localized","src/pages/Mateus/Home/components/mobile/game/driving/boot/homeDriveBootAssets.ts:548 | src/pages/Mateus/Home/components/mobile/game/driving/boot/homeDriveBootAssets.ts:559"
"labels.ui_024e5e35bff5","Cockpit, volante e imagens de missão.","Cockpit, volante e imagens de missão.","Cockpit, steering wheel, and mission images.","localized","src/pages/Mateus/Home/components/mobile/game/driving/boot/homeDriveBootAssets.ts:548"
"labels.ui_6dc6f641004f","Imagens preparadas.","Imagens preparadas.","Images ready.","localized","src/pages/Mateus/Home/components/mobile/game/driving/boot/homeDriveBootAssets.ts:560"
"labels.ui_6c0be6bac8e6","Imagens preparadas","Imagens preparadas","Images ready","localized","src/pages/Mateus/Home/components/mobile/game/driving/boot/homeDriveBootAssets.ts:569"
"labels.ui_740d906cd91a","Carregando sons","Carregando sons","Loading audio","localized","src/pages/Mateus/Home/components/mobile/game/driving/boot/homeDriveBootAssets.ts:576 | src/pages/Mateus/Home/components/mobile/game/driving/boot/homeDriveBootAssets.ts:587"
"labels.ui_a4182340d211","Motor e camadas de aceleração.","Motor e camadas de aceleração.","Engine and acceleration audio layers.","localized","src/pages/Mateus/Home/components/mobile/game/driving/boot/homeDriveBootAssets.ts:576"
"labels.ui_60d4cc257bb8","Sons preparados.","Sons preparados.","Audio ready.","localized","src/pages/Mateus/Home/components/mobile/game/driving/boot/homeDriveBootAssets.ts:588"
"labels.ui_04d0fff75b5a","Sons preparados","Sons preparados","Audio ready","localized","src/pages/Mateus/Home/components/mobile/game/driving/boot/homeDriveBootAssets.ts:597"
"labels.ui_c047c8f1ce33","Montando prédios","Montando prédios","Building the city","localized","src/pages/Mateus/Home/components/mobile/game/driving/boot/homeDriveBootAssets.ts:604 | src/pages/Mateus/Home/components/mobile/game/driving/boot/homeDriveBootAssets.ts:611"
"labels.ui_4fc5474bfa05","Gerando a cidade antes do primeiro frame.","Gerando a cidade antes do primeiro frame.","Generating the city before the first frame.","localized","src/pages/Mateus/Home/components/mobile/game/driving/boot/homeDriveBootAssets.ts:604"
"labels.ui_be91dc029e41","Cidade montada.","Cidade montada.","City ready.","localized","src/pages/Mateus/Home/components/mobile/game/driving/boot/homeDriveBootAssets.ts:612"
"labels.ui_ecdbcea12a2b","Preparando carros","Preparando carros","Preparing vehicles","localized","src/pages/Mateus/Home/components/mobile/game/driving/boot/homeDriveBootAssets.ts:619 | src/pages/Mateus/Home/components/mobile/game/driving/boot/homeDriveBootAssets.ts:653"
"labels.ui_ebe9c8880f66","Tráfego dinâmico e carros estacionados.","Tráfego dinâmico e carros estacionados.","Moving traffic and parked cars.","localized","src/pages/Mateus/Home/components/mobile/game/driving/boot/homeDriveBootAssets.ts:619"
"labels.ui_1ab4230192b3","Trânsito pronto.","Trânsito pronto.","Traffic ready.","localized","src/pages/Mateus/Home/components/mobile/game/driving/boot/homeDriveBootAssets.ts:654"
"labels.ui_ea0e5bb67dd9","Preparando cidade","Preparando cidade","Preparing streets","localized","src/pages/Mateus/Home/components/mobile/game/driving/boot/homeDriveBootAssets.ts:661 | src/pages/Mateus/Home/components/mobile/game/driving/boot/homeDriveBootAssets.ts:683"
"labels.ui_17807a005257","Faixas, semáforos, postes e colisões.","Faixas, semáforos, postes e colisões.","Road markings, traffic lights, streetlights, and collisions.","localized","src/pages/Mateus/Home/components/mobile/game/driving/boot/homeDriveBootAssets.ts:661"
"labels.ui_bc200f36599e","Ruas prontas.","Ruas prontas.","Streets ready.","localized","src/pages/Mateus/Home/components/mobile/game/driving/boot/homeDriveBootAssets.ts:684"
"labels.ui_ab55502f5808","Preparando pessoas","Preparando pessoas","Preparing pedestrians","localized","src/pages/Mateus/Home/components/mobile/game/driving/boot/homeDriveBootAssets.ts:691 | src/pages/Mateus/Home/components/mobile/game/driving/boot/homeDriveBootAssets.ts:731"
"labels.ui_832103292caf","Animações, população e resident pool.","Animações, população e resident pool.","Animations, pedestrians, and the resident pool.","localized","src/pages/Mateus/Home/components/mobile/game/driving/boot/homeDriveBootAssets.ts:691"
"labels.ui_3756001118b8","Pessoas prontas.","Pessoas prontas.","Pedestrians ready.","localized","src/pages/Mateus/Home/components/mobile/game/driving/boot/homeDriveBootAssets.ts:732"
"labels.ui_ca4b500df27b","Finalizando dados","Finalizando dados","Finalizing data","localized","src/pages/Mateus/Home/components/mobile/game/driving/boot/homeDriveBootAssets.ts:741"
"labels.ui_1a6aa2abddaf","Cidade, carros e pessoas prontos para instanciar.","Cidade, carros e pessoas prontos para instanciar.","The city, cars, and pedestrians are ready to load.","localized","src/pages/Mateus/Home/components/mobile/game/driving/boot/homeDriveBootAssets.ts:741"
"labels.ui_9af3fd9b6504","Dados prontos","Dados prontos","Data ready","localized","src/pages/Mateus/Home/components/mobile/game/driving/boot/homeDriveBootAssets.ts:771"
"labels.ui_3ade0ef068e6","Instanciando primeiro frame do mundo.","Instanciando primeiro frame do mundo.","Creating the first frame of the world.","localized","src/pages/Mateus/Home/components/mobile/game/driving/boot/homeDriveBootAssets.ts:771"
"labels.ui_d98dce010e33","Preparando carregamento completo.","Preparando carregamento completo.","Preparing the full load.","localized","src/pages/Mateus/Home/components/mobile/game/driving/boot/useHomeDriveBootLoader.ts:48"
"labels.ui_1938d120e906","Aperte nada. O Drive está acordando.","Aperte nada. O Drive está acordando.","Sit tight. Drive is waking up.","localized","src/pages/Mateus/Home/components/mobile/game/driving/view/HomeDriveBootLoadingScreen.tsx:47"
"labels.ui_ffecf5401e48","Preparando o painel e a tela.","Preparando o painel e a tela.","Preparing the dashboard and display.","localized","src/pages/Mateus/Home/components/mobile/game/driving/view/HomeDriveBootLoadingScreen.tsx:49"
"labels.ui_a16198b9b4ee","Aquecendo o motor.","Aquecendo o motor.","Warming up the engine.","localized","src/pages/Mateus/Home/components/mobile/game/driving/view/HomeDriveBootLoadingScreen.tsx:51"
"labels.ui_502741cc5daf","Montando a cidade.","Montando a cidade.","Building the city.","localized","src/pages/Mateus/Home/components/mobile/game/driving/view/HomeDriveBootLoadingScreen.tsx:53"
"labels.ui_996831c180b0","Colocando o trânsito na pista.","Colocando o trânsito na pista.","Getting traffic on the road.","localized","src/pages/Mateus/Home/components/mobile/game/driving/view/HomeDriveBootLoadingScreen.tsx:55"
"labels.ui_2078defd5fb3","Acendendo ruas e cruzamentos.","Acendendo ruas e cruzamentos.","Lighting up streets and intersections.","localized","src/pages/Mateus/Home/components/mobile/game/driving/view/HomeDriveBootLoadingScreen.tsx:57"
"labels.ui_9de66b44d662","Posicionando pessoas e animações.","Posicionando pessoas e animações.","Placing pedestrians and animations.","localized","src/pages/Mateus/Home/components/mobile/game/driving/view/HomeDriveBootLoadingScreen.tsx:59"
"labels.ui_de5aff686a02","Travando tudo antes do primeiro frame.","Travando tudo antes do primeiro frame.","Getting everything ready for the first frame.","localized","src/pages/Mateus/Home/components/mobile/game/driving/view/HomeDriveBootLoadingScreen.tsx:61"
"labels.ui_22531c6f6587","Esperando o mundo aparecer de verdade.","Esperando o mundo aparecer de verdade.","Waiting for the world to render.","localized","src/pages/Mateus/Home/components/mobile/game/driving/view/HomeDriveBootLoadingScreen.tsx:63"
"labels.ui_19961df6be74","Drive pronto.","Drive pronto.","Drive is ready.","localized","src/pages/Mateus/Home/components/mobile/game/driving/view/HomeDriveBootLoadingScreen.tsx:65"
"labels.ui_5f8eede5f3a1","Não foi possível carregar o Drive.","Não foi possível carregar o Drive.","Couldn't load Drive.","localized","src/pages/Mateus/Home/components/mobile/game/driving/view/HomeDriveBootLoadingScreen.tsx:67"
"labels.ui_ccfc6f615b97","LOAD ERROR","ERRO AO CARREGAR","LOAD ERROR","localized","src/pages/Mateus/Home/components/mobile/game/driving/view/HomeDriveBootLoadingScreen.tsx:164"
"labels.ui_02d928804511","Etapas do carregamento","Etapas do carregamento","Loading stages","localized","src/pages/Mateus/Home/components/mobile/game/driving/view/HomeDriveBootLoadingScreen.tsx:174"
"labels.ui_60581e2adfd1","Renderizando cidade","Renderizando cidade","Rendering city","localized","src/pages/Mateus/Home/components/mobile/game/driving/view/HomeDriveGame.tsx:101"
"labels.ui_7fa91f83ea42","Aguardando o primeiro frame real antes de liberar.","Aguardando o primeiro frame real antes de liberar.","Waiting for the first rendered frame before starting.","localized","src/pages/Mateus/Home/components/mobile/game/driving/view/HomeDriveGame.tsx:102"
"labels.ui_21751ce73a13","Velocímetro analógico: {{speed}} quilômetros por hora","Velocímetro analógico: {{speed}} quilômetros por hora","Analog speedometer: {{speed}} kilometers per hour","localized",""
"labels.ui_d6eebb70eaf9","Volante","Volante","Steering wheel","localized","src/pages/Mateus/Home/components/mobile/game/driving/view/HomeDriveSteeringWheel.tsx:60"
"labels.ui_d083ab0535d6","IMG","IMG","IMG","localized","src/pages/Mateus/Home/components/mobile/game/driving/view/HomeDriveBootLoadingScreen.tsx:23"
"labels.ui_c046eafa1d26","SOM","SOM","SND","localized","src/pages/Mateus/Home/components/mobile/game/driving/view/HomeDriveBootLoadingScreen.tsx:24"
"labels.ui_6b632decb6d9","CID","CID","CTY","localized","src/pages/Mateus/Home/components/mobile/game/driving/view/HomeDriveBootLoadingScreen.tsx:25"
"labels.ui_1c0d3a3a646a","CAR","CAR","CAR","localized","src/pages/Mateus/Home/components/mobile/game/driving/view/HomeDriveBootLoadingScreen.tsx:26"
"labels.ui_9de32d552a28","RUA","RUA","RD","localized","src/pages/Mateus/Home/components/mobile/game/driving/view/HomeDriveBootLoadingScreen.tsx:27"
"labels.ui_ba0eebf37956","LOADING","CARREGANDO","LOADING","localized","src/pages/Mateus/Home/components/mobile/game/driving/view/HomeDriveBootLoadingScreen.tsx:187"
"labels.ui_db762a76387a","NO CLICK","AGUARDE","SIT TIGHT","localized","src/pages/Mateus/Home/components/mobile/game/driving/view/HomeDriveBootLoadingScreen.tsx:188"
"labels.ui_4f618185f2ea","WAIT","AGUARDE","WAIT","localized","src/pages/Mateus/Home/components/mobile/game/driving/view/HomeDriveBootLoadingScreen.tsx:189"
"labels.ui_8229c4ee6826","RELOAD","RECARREGAR","RELOAD","localized","src/pages/Mateus/Home/components/mobile/game/driving/view/HomeDriveBootLoadingScreen.tsx:194"
"labels.ui_06eca9d47436","POC!","POC!","THUD!","localized","src/pages/Mateus/Home/components/mobile/game/driving/domain/buildingCollisions/homeDrive.buildingCollisionQuips.ts:6 | src/pages/Mateus/Home/components/mobile/game/driving/three/buildingCollisions/HomeDriveThreeBuildingCollisionMarks.tsx:161"
"labels.ui_329f4e801015","Encostou bonito.","Encostou bonito.","That was quite a bump.","localized","src/pages/Mateus/Home/components/mobile/game/driving/domain/buildingCollisions/homeDrive.buildingCollisionQuips.ts:7"
"labels.ui_b4c572913638","Parede: 1 x 0.","Parede: 1 x 0.","Wall: 1. You: 0.","localized","src/pages/Mateus/Home/components/mobile/game/driving/domain/buildingCollisions/homeDrive.buildingCollisionQuips.ts:8"
"labels.ui_8e4102a52451","Foi só um carinho.","Foi só um carinho.","Just a little love tap.","localized","src/pages/Mateus/Home/components/mobile/game/driving/domain/buildingCollisions/homeDrive.buildingCollisionQuips.ts:9"
"labels.ui_faac334fc0a7","GPS recalculando.","GPS recalculando.","GPS recalculating.","localized","src/pages/Mateus/Home/components/mobile/game/driving/domain/buildingCollisions/homeDrive.buildingCollisionQuips.ts:10"
"labels.ui_af52f53e075f","Não era drive-thru.","Não era drive-thru.","That wasn't a drive-through.","localized","src/pages/Mateus/Home/components/mobile/game/driving/domain/buildingCollisions/homeDrive.buildingCollisionQuips.ts:14"
"labels.ui_37ac9f13bfac","Fachada invicta.","Fachada invicta.","The wall remains undefeated.","localized","src/pages/Mateus/Home/components/mobile/game/driving/domain/buildingCollisions/homeDrive.buildingCollisionQuips.ts:15"
"labels.ui_b81c1c1e15dc","Airbag moral ativado.","Airbag moral ativado.","Emotional airbag deployed.","localized","src/pages/Mateus/Home/components/mobile/game/driving/domain/buildingCollisions/homeDrive.buildingCollisionQuips.ts:16"
"labels.ui_2c130a9ab722","O prédio nem piscou.","O prédio nem piscou.","The building didn't even flinch.","localized","src/pages/Mateus/Home/components/mobile/game/driving/domain/buildingCollisions/homeDrive.buildingCollisionQuips.ts:17"
"labels.ui_dbbe4f4f8f98","Manobra conceitual.","Manobra conceitual.","A very abstract maneuver.","localized","src/pages/Mateus/Home/components/mobile/game/driving/domain/buildingCollisions/homeDrive.buildingCollisionQuips.ts:18"
"labels.ui_def9539140f0","MERMÃO!","MERMÃO!","DUDE!","localized","src/pages/Mateus/Home/components/mobile/game/driving/domain/buildingCollisions/homeDrive.buildingCollisionQuips.ts:22"
"labels.ui_6f2154e584f1","A parede venceu.","A parede venceu.","The wall won.","localized","src/pages/Mateus/Home/components/mobile/game/driving/domain/buildingCollisions/homeDrive.buildingCollisionQuips.ts:23"
"labels.ui_6491b70b430a","Sinistro arquitetônico.","Sinistro arquitetônico.","An architectural mishap.","localized","src/pages/Mateus/Home/components/mobile/game/driving/domain/buildingCollisions/homeDrive.buildingCollisionQuips.ts:24"
"labels.ui_01c230aae71e","Seguro chorando.","Seguro chorando.","Your insurer is crying.","localized","src/pages/Mateus/Home/components/mobile/game/driving/domain/buildingCollisions/homeDrive.buildingCollisionQuips.ts:25"
"labels.ui_7a4c56c7fe89","Check-in no concreto.","Check-in no concreto.","Checked in with the concrete.","localized","src/pages/Mateus/Home/components/mobile/game/driving/domain/buildingCollisions/homeDrive.buildingCollisionQuips.ts:26"
"labels.ui_04e0f026b4dc","Isso era uma fachada.","Isso era uma fachada.","That was a wall.","localized","src/pages/Mateus/Home/components/mobile/game/driving/domain/buildingCollisions/homeDrive.buildingCollisionQuips.ts:27"
"labels.ui_287ee2df6acd","Entrada negada.","Entrada negada.","Entry denied.","localized","src/pages/Mateus/Home/components/mobile/game/driving/domain/buildingCollisions/homeDrive.buildingCollisionQuips.ts:32"
"labels.ui_550b687a479a","Recepção fechada.","Recepção fechada.","Reception is closed.","localized","src/pages/Mateus/Home/components/mobile/game/driving/domain/buildingCollisions/homeDrive.buildingCollisionQuips.ts:32"
"labels.ui_dbecfdd0e153","Portaria surpresa.","Portaria surpresa.","An unexpected entrance.","localized","src/pages/Mateus/Home/components/mobile/game/driving/domain/buildingCollisions/homeDrive.buildingCollisionQuips.ts:32"
"labels.ui_55b613d9675e","Fundos invadidos.","Fundos invadidos.","Wrong way into the backyard.","localized","src/pages/Mateus/Home/components/mobile/game/driving/domain/buildingCollisions/homeDrive.buildingCollisionQuips.ts:33"
"labels.ui_ff87bbdc1f7b","Saída era do outro lado.","Saída era do outro lado.","The exit was on the other side.","localized","src/pages/Mateus/Home/components/mobile/game/driving/domain/buildingCollisions/homeDrive.buildingCollisionQuips.ts:33"
"labels.ui_8625793bf3b5","Beco errado.","Beco errado.","Wrong alley.","localized","src/pages/Mateus/Home/components/mobile/game/driving/domain/buildingCollisions/homeDrive.buildingCollisionQuips.ts:33"
"labels.ui_ee2f632e572b","Lateral sentiu.","Lateral sentiu.","The side panel felt that.","localized","src/pages/Mateus/Home/components/mobile/game/driving/domain/buildingCollisions/homeDrive.buildingCollisionQuips.ts:34"
"labels.ui_32cdb2345cd9","Raspou com estilo.","Raspou com estilo.","Scraped it with style.","localized","src/pages/Mateus/Home/components/mobile/game/driving/domain/buildingCollisions/homeDrive.buildingCollisionQuips.ts:34"
"labels.ui_1cef58ff74b3","Curva otimista.","Curva otimista.","An overly optimistic turn.","localized","src/pages/Mateus/Home/components/mobile/game/driving/domain/buildingCollisions/homeDrive.buildingCollisionQuips.ts:34"
"labels.ui_2e9b7467049f","Direita sem preferência.","Direita sem preferência.","You didn't have the right of way.","localized","src/pages/Mateus/Home/components/mobile/game/driving/domain/buildingCollisions/homeDrive.buildingCollisionQuips.ts:35"
"labels.ui_5723a9498e46","Calçada discordou.","Calçada discordou.","The sidewalk disagreed.","localized","src/pages/Mateus/Home/components/mobile/game/driving/domain/buildingCollisions/homeDrive.buildingCollisionQuips.ts:35"
"labels.ui_f045bca0f048","Quase passou.","Quase passou.","Almost made it.","localized","src/pages/Mateus/Home/components/mobile/game/driving/domain/buildingCollisions/homeDrive.buildingCollisionQuips.ts:35"
"labels.ui_615e54d4d3a0","Landing page","Página principal","Main page","localized","src/pages/Mateus/LandingPage/LandingPage.tsx:285"
"labels.ui_efcb6bd6702f","Landing page mobile","Página principal mobile","Mobile main page","localized","src/pages/Mateus/LandingPage/LandingPageMobile.tsx:311"
"labels.ui_61d62876dd32","Back-End & APIs","Back-End & APIs","Backend & APIs","localized","src/pages/Mateus/Home/variants/HomeMobile.tsx:50"
"labels.ui_d20167bfac93","FLASH MODE","MODO RÁPIDO","FLASH MODE","localized","src/pages/Mateus/Home/components/mobile/game/driving/view/HomeDriveBootLoadingScreen.tsx:157"
"labels.ui_6faa97ece519","ORDENAR","ORDENAR","RANK","localized","src/pages/Mateus/CognitiveNetwork/cognitiveNetwork.data.ts:196"
"labels.ui_e2ed93cf81c4","PROVAS","PROVAS","EVIDENCE","localized","src/pages/Mateus/CognitiveNetwork/cognitiveNetwork.data.ts:210"
"labels.ui_7796edcf5e21","ESCOLHER","ESCOLHER","CHOOSE","localized","src/pages/Mateus/CognitiveNetwork/cognitiveNetwork.data.ts:224"
"labels.ui_144ad075b7b0","CONFERIR","CONFERIR","CHECK","localized","src/pages/Mateus/CognitiveNetwork/cognitiveNetwork.data.ts:252"
"labels.ui_3a85935a098c","CRIAR","CRIAR","BUILD","localized","src/pages/Mateus/CognitiveNetwork/cognitiveNetwork.data.ts:266"
"labels.ui_16b5bbc1782e","PESQUISAR","PESQUISAR","RESEARCH","localized","src/pages/Mateus/CognitiveNetwork/cognitiveNetwork.data.ts:280"
"labels.ui_616558c2ba00","DESENHAR","DESENHAR","DESIGN","localized","src/pages/Mateus/CognitiveNetwork/cognitiveNetwork.data.ts:294"
"labels.ui_ba6678dd8620","AUTOMATIZAR","AUTOMATIZAR","AUTOMATE","localized","src/pages/Mateus/CognitiveNetwork/cognitiveNetwork.data.ts:308"
"labels.ui_6df3d6661c09","Texto","Texto","Text","localized","src/pages/Mateus/CognitiveNetwork/CognitiveInsightPanel.tsx:35"
"labels.ui_e6031e8fb508","Outros","Outros","Other","localized","src/pages/Mateus/CognitiveNetwork/CognitiveInsightPanel.tsx:40"
"labels.ui_72c7ee23c9bc","Criatividade","Criatividade","Creativity","localized","src/pages/Mateus/CognitiveNetwork/CognitiveInsightPanel.tsx:55"
"labels.ui_58d23d1ed283","Estabilidade","Estabilidade","Stability","localized","src/pages/Mateus/CognitiveNetwork/CognitiveInsightPanel.tsx:57"
"labels.ui_9cbcb6872e74","Bússola: direção {{direction}}. Destino {{name}}, {{distance}}.","Bússola: direção {{direction}}. Destino {{name}}, {{distance}}.","Compass: heading {{direction}}. Destination: {{name}}, {{distance}}.","localized",""
"labels.ui_15ddadbfc2fe","Bússola: direção {{direction}}","Bússola: direção {{direction}}","Compass: heading {{direction}}","localized",""
"labels.ui_6f9f01a63d42","Norte","Norte","North","localized",""
"labels.ui_e65f1d03a763","Sul","Sul","South","localized",""
"labels.ui_6ef245e96f26","Leste","Leste","East","localized",""
"labels.ui_7000924adcfc","Oeste","Oeste","West","localized",""
"labels.ui_804de1b2f0b9","Nordeste","Nordeste","Northeast","localized",""
"labels.ui_15250d8dc8ef","Noroeste","Noroeste","Northwest","localized",""
"labels.ui_e25282d7bf8a","Sudeste","Sudeste","Southeast","localized",""
"labels.ui_2067a5418bb2","Sudoeste","Sudoeste","Southwest","localized",""
"labels.ui_351069b20228","Não foi possível carregar os dados.","Não foi possível carregar os dados.","Couldn't load the data.","localized",""
"labels.ui_7cd8b767f307","Carregando página","Carregando página","Loading page","localized","src/routes/AppRoutes.tsx:37"
"labels.ui_7dafb472b353","Carregando portfólio","Carregando portfólio","Loading portfolio","localized","src/App/App.tsx:16"
"labels.ui_e6224d9d2bc8","NÃO ERA","NÃO ERA","IT WASN'T","localized","src/pages/Mateus/Home/components/mobile/game/driving/three/buildingCollisions/homeDriveThree.buildingCollisionMaterials.ts:384"
"labels.ui_8171ad561c51","{{label}}: {{percent}}%","{{label}}: {{percent}}%","{{label}}: {{percent}}%","localized",""
"labels.ui_df2ce508d81e","AGUARDA","AGUARDA","WAITING","localized","src/pages/Mateus/CognitiveNetwork/CognitiveNetwork.tsx:175"
"","MS","MS","MS","proper-name-or-symbol","src/pages/Mateus/CognitiveNetwork/CognitiveNetwork.tsx"
"","Mateus Cabraiz","Mateus Cabraiz","Mateus Cabraiz","proper-name-or-symbol","src/pages/Mateus/Contact/ContactMobile.tsx"
"","×","×","×","proper-name-or-symbol","src/pages/Mateus/FloatingChat.tsx | src/pages/Mateus/Home/components/mobile/game/elevator/HomeElevatorGame.tsx"
"","Mateus Cabral","Mateus Cabral","Mateus Cabral","proper-name-or-symbol","src/pages/Mateus/FloatingChat.tsx | src/pages/Mateus/Home/variants/HomeDesktop.tsx | src/pages/Mateus/Home/variants/HomeMobile.tsx"
"","WhatsApp","WhatsApp","WhatsApp","proper-name-or-symbol","src/pages/Mateus/Home/components/desktop/HeroTextColumn.tsx | src/pages/Mateus/Home/variants/HomeMobile.tsx"
"","MEET","MEET","MEET","proper-name-or-symbol","src/pages/Mateus/Home/components/desktop/HeroTextColumn.tsx"
"","CABRAIZ DRIVE","CABRAIZ DRIVE","CABRAIZ DRIVE","proper-name-or-symbol","src/pages/Mateus/Home/components/mobile/game/driving/view/HomeDriveBootLoadingScreen.tsx"
"","Cabraiz Arcade","Cabraiz Arcade","Cabraiz Arcade","proper-name-or-symbol","src/pages/Mateus/Home/components/mobile/game/elevator/HomeElevatorGame.tsx"
"","Cabraiz Drive","Cabraiz Drive","Cabraiz Drive","proper-name-or-symbol","src/pages/Mateus/Home/Drive/HomeDriveStandalonePage.tsx"
"","Cabraiz Elevator","Cabraiz Elevator","Cabraiz Elevator","proper-name-or-symbol","src/pages/Mateus/Home/Elevator/HomeElevatorStandalonePage.tsx"
"","Dev","Dev","Dev","proper-name-or-symbol","src/pages/Mateus/Home/variants/HomeMobile.tsx"
"","Fortaleza","Fortaleza","Fortaleza","proper-name-or-symbol","src/pages/Mateus/Portfolio/Portfolio.tsx"
"selo.BNB","Passei vários anos na divisão de cartões e boletos, lidando com conciliação financeira, ferramentas de atendimento e otimizando relatórios internos.","Passei vários anos na divisão de cartões e boletos, lidando com conciliação financeira, ferramentas de atendimento e otimizando relatórios internos.","I spent several years in the cards and billing division, working on financial reconciliation, customer support tools, and internal reporting.","localized-resource",""
"selo.UNIFOR","Formado em Ciência da Computação, comecei minha carreira com estágios e coordenação de projetos, gerenciando recursos tecnológicos desde cedo.","Formado em Ciência da Computação, comecei minha carreira com estágios e coordenação de projetos, gerenciando recursos tecnológicos desde cedo.","I earned a Computer Science degree and began my career through internships and project coordination, managing technology resources from the start.","localized-resource",""
"selo.SANA","Desde 2020, atuo nessa ONG focando em melhorar a comunicação e o trabalho em equipe numa área de TI que sempre foi técnica, mas carente de empatia.","Desde 2020, atuo nessa ONG focando em melhorar a comunicação e o trabalho em equipe numa área de TI que sempre foi técnica, mas carente de empatia.","Since 2020, I have worked with this nonprofit to strengthen communication, teamwork, and empathy within its IT team.","localized-resource",""
"selo.SEDIH","Hoje sou analista sênior, desenvolvendo ferramentas escaláveis para apoiar toda a estrutura digital da secretaria e melhorar os serviços públicos.","Hoje sou analista sênior, desenvolvendo ferramentas escaláveis para apoiar toda a estrutura digital da secretaria e melhorar os serviços públicos.","I am currently a senior analyst, developing scalable tools to support the department's digital services and improve public service delivery.","localized-resource",""
"nav.home","Início","Início","Home","localized-resource","src/pages/Mateus/Home/hooks/useMobileHomeBrandMotion.ts:25"
"nav.portfolio","Portfólio","Portfólio","Portfolio","localized-resource","src/pages/Mateus/Home/hooks/useMobileHomeBrandMotion.ts:25"
"nav.roadMap","Serviços","Serviços","Services","localized-resource","src/pages/Mateus/Home/hooks/useMobileHomeBrandMotion.ts:25"
"nav.technologies","Rede IA","Rede IA","AI Network","localized-resource","src/pages/Mateus/Home/hooks/useMobileHomeBrandMotion.ts:25"
"nav.live","Ao Vivo","Ao Vivo","Live","localized-resource","src/pages/Mateus/Home/hooks/useMobileHomeBrandMotion.ts:25"
"nav.contact","Fotos","Fotos","Photos","localized-resource","src/pages/Mateus/Home/hooks/useMobileHomeBrandMotion.ts:25"
"buttons.hireMe","WhatsApp","WhatsApp","Google Meet","localized-resource",""
"buttons.downloadCV","CURRÍCULO","CURRÍCULO","DOWNLOAD RÉSUMÉ","localized-resource","src/pages/Mateus/Home/variants/HomeDesktop.tsx:69"
"floatingChat.phrases.0","Mensagens","Mensagens","Messages","localized-resource","src/pages/Mateus/FloatingChat.tsx:216"
"floatingChat.availability","Online","Online","Online","localized-resource","src/pages/Mateus/FloatingChat.tsx:952"
"floatingChat.anonymousVisitor","Visitante anônimo","Visitante anônimo","Anonymous visitor","localized-resource","src/pages/Mateus/FloatingChat.tsx:1033"
"floatingChat.welcome","Olá! Sou o assistente virtual da Cabraiz. Posso levar você direto ao WhatsApp do Mateus ou apresentar os valores iniciais de cada tipo de projeto.","Olá! Sou o assistente virtual da Cabraiz. Posso levar você direto ao WhatsApp do Mateus ou apresentar os valores iniciais de cada tipo de projeto.","Hi! I'm Cabraiz's virtual assistant. I can connect you with Mateus on WhatsApp or show you starting prices for different types of projects.","localized-resource","src/pages/Mateus/FloatingChat.tsx:985"
"floatingChat.quickActionsLabel","Opções rápidas de atendimento","Opções rápidas de atendimento","Quick chat options","localized-resource","src/pages/Mateus/FloatingChat.tsx:989"
"floatingChat.whatsappAction","Falar com Mateus no WhatsApp","Falar com Mateus no WhatsApp","Talk to Mateus on WhatsApp","localized-resource","src/pages/Mateus/FloatingChat.tsx:997"
"floatingChat.showPrices","Ver valores","Ver valores","View pricing","localized-resource","src/pages/Mateus/FloatingChat.tsx:1004"
"floatingChat.hidePrices","Ocultar valores","Ocultar valores","Hide pricing","localized-resource",""
"floatingChat.pricing.front.title","Sites e portfólios","Sites e portfólios","Websites and portfolios","localized-resource",""
"floatingChat.pricing.front.price","US$ 400","US$ 400","US$ 400","localized-resource",""
"floatingChat.pricing.front.description","Portfólios, sites institucionais e projetos exclusivamente front-end.","Portfólios, sites institucionais e projetos exclusivamente front-end.","Portfolios, business websites, and projects focused on the front end.","localized-resource",""
"floatingChat.pricing.backend.title","Sistemas com backend","Sistemas com backend","Backend systems","localized-resource",""
"floatingChat.pricing.backend.price","US$ 2.000/mês","US$ 2.000/mês","US$ 2,000/month","localized-resource",""
"floatingChat.pricing.backend.description","Backend, banco de dados e desenvolvimento contínuo até a finalização.","Backend, banco de dados e desenvolvimento contínuo até a finalização.","Backend development, databases, and ongoing work through project completion.","localized-resource",""
"floatingChat.pricing.global.title","Lançamento global end-to-end","Lançamento global end-to-end","Full product and global launch","localized-resource",""
"floatingChat.pricing.global.price","US$ 18.000","US$ 18.000","US$ 18,000","localized-resource",""
"floatingChat.pricing.global.description","Produto completo, lançamento internacional e acompanhamento até o faturamento.","Produto completo, lançamento internacional e acompanhamento até o faturamento.","A complete product, international launch, and ongoing support through the first revenue.","localized-resource",""
"floatingChat.pricingCta","Quero falar sobre meu projeto","Quero falar sobre meu projeto","Let's discuss my project","localized-resource",""
"floatingChat.firstMessage","Estou online. Fique à vontade para me chamar!","Estou online. Fique à vontade para me chamar!","I'm online. Feel free to send a message!","localized-resource",""
"floatingChat.secondMessage","Fique à vontade para se apresentar.","Fique à vontade para se apresentar.","Feel free to introduce yourself.","localized-resource",""
"floatingChat.greetingMorning","Bom dia!","Bom dia!","Good morning!","localized-resource",""
"floatingChat.greetingAfternoon","Boa tarde!","Boa tarde!","Good afternoon!","localized-resource",""
"floatingChat.greetingEvening","Boa noite!","Boa noite!","Good evening!","localized-resource",""
"floatingChat.placeholder","Digite sua mensagem...","Digite sua mensagem...","Type your message...","localized-resource","src/pages/Mateus/FloatingChat.tsx:1111 | src/pages/Mateus/FloatingChat.tsx:1112"
"floatingChat.send","Enviar","Enviar","Send","localized-resource","src/pages/Mateus/FloatingChat.tsx:1158"
"floatingChat.sending","Enviando...","Enviando...","Sending...","localized-resource","src/pages/Mateus/FloatingChat.tsx:1157"
"floatingChat.sendSuccess","Mensagem enviada. A resposta do Mateus aparecerá aqui.","Mensagem enviada. A resposta do Mateus aparecerá aqui.","Message sent. Mateus' reply will appear here.","localized-resource","src/pages/Mateus/FloatingChat.tsx:1088"
"floatingChat.sendSuccessShort","Mensagem enviada.","Mensagem enviada.","Message sent.","localized-resource","src/pages/Mateus/FloatingChat.tsx:1088"
"floatingChat.sendError","Não foi possível enviar agora. Tente novamente.","Não foi possível enviar agora. Tente novamente.","The message could not be sent. Please try again.","localized-resource","src/pages/Mateus/FloatingChat.tsx:1089"
"floatingChat.sendErrorShort","Não enviado. Tente novamente.","Não enviado. Tente novamente.","Not sent. Please try again.","localized-resource","src/pages/Mateus/FloatingChat.tsx:1089"
"floatingChat.close","Fechar","Fechar","Close","localized-resource","src/pages/Mateus/FloatingChat.tsx:920 | src/pages/Mateus/FloatingChat.tsx:921"
"floatingChat.intro","Olá, Mateus. Me chamo ","Olá, Mateus. Me chamo ","Hey, Mateus. My name is ","localized-resource",""
"google.login","Entrar com o Google","Entrar com o Google","Sign in with Google","localized-resource",""
"labels.ui_db6ff88d3c75_one","{{count}} passageiro aguardando no {{floor}}º andar","{{count}} passageiro aguardando no {{floor}}º andar","{{count}} passenger waiting on floor {{floor}}","localized-plural",""
"labels.ui_db6ff88d3c75_other","{{count}} passageiros aguardando no {{floor}}º andar","{{count}} passageiros aguardando no {{floor}}º andar","{{count}} passengers waiting on floor {{floor}}","localized-plural",""
